;R;G;B;U;Wavelength;R_fitted_opsin;R_hc_block_norm_mean;G_fitted_opsin;G_hc_block_norm_mean;B_fitted_opsin;B_hc_block_norm_mean;U_fitted_opsin;U_hc_block_norm_mean
0;4.74712E-14;7.55305E-20;5.4908E-26;0;0;;;;;;;;
1;5.57959E-14;9.71958E-20;7.79475E-26;0;1;;;;;;;;
2;6.55511E-14;1.24982E-19;1.10534E-25;0;2;;;;;;;;
3;7.69777E-14;1.60592E-19;1.56575E-25;0;3;;;;;;;;
4;9.03557E-14;2.06193E-19;2.21553E-25;0;4;;;;;;;;
5;1.06011E-13;2.64546E-19;3.13156E-25;0;5;;;;;;;;
6;1.24324E-13;3.39159E-19;4.42154E-25;0;6;;;;;;;;
7;1.45735E-13;4.34492E-19;6.23614E-25;0;7;;;;;;;;
8;1.70758E-13;5.56205E-19;8.78593E-25;0;8;;;;;;;;
9;1.99987E-13;7.11481E-19;1.23649E-24;0;9;;;;;;;;
10;2.34115E-13;9.09427E-19;1.73828E-24;0;10;;;;;;;;
11;2.73945E-13;1.16158E-18;2.44107E-24;0;11;;;;;;;;
12;3.20408E-13;1.48253E-18;3.42428E-24;0;12;;;;;;;;
13;3.74585E-13;1.89075E-18;4.7983E-24;0;13;;;;;;;;
14;4.37726E-13;2.40957E-18;6.71638E-24;0;14;;;;;;;;
15;5.11283E-13;3.06846E-18;9.39102E-24;0;15;;;;;;;;
16;5.96934E-13;3.90461E-18;1.31165E-23;0;16;;;;;;;;
17;6.96623E-13;4.9649E-18;1.83002E-23;0;17;;;;;;;;
18;8.12596E-13;6.30838E-18;2.55047E-23;0;18;;;;;;;;
19;9.47454E-13;8.00943E-18;3.55071E-23;0;19;;;;;;;;
20;1.1042E-12;1.01616E-17;4.93787E-23;0;20;;;;;;;;
21;1.28631E-12;1.28823E-17;6.85951E-23;0;21;;;;;;;;
22;1.49777E-12;1.63194E-17;9.51867E-23;0;22;;;;;;;;
23;1.74323E-12;2.06581E-17;1.31944E-22;0;23;;;;;;;;
24;2.028E-12;2.61307E-17;1.82696E-22;0;24;;;;;;;;
25;2.35825E-12;3.30284E-17;2.52698E-22;0;25;;;;;;;;
26;2.74105E-12;4.17157E-17;3.49141E-22;0;26;;;;;;;;
27;3.18456E-12;5.26485E-17;4.81871E-22;1.4013E-45;27;;;;;;;;
28;3.69818E-12;6.63971E-17;6.64339E-22;2.8026E-45;28;;;;;;;;
29;4.29273E-12;8.36734E-17;9.1491E-22;4.2039E-45;29;;;;;;;;
30;4.98064E-12;1.05366E-16;1.25862E-21;9.80909E-45;30;;;;;;;;
31;5.77622E-12;1.32584E-16;1.72959E-21;2.10195E-44;31;;;;;;;;
32;6.69587E-12;1.66707E-16;2.37421E-21;4.48416E-44;32;;;;;;;;
33;7.7585E-12;2.09457E-16;3.25556E-21;9.52883E-44;33;;;;;;;;
34;8.98574E-12;2.62973E-16;4.45924E-21;1.98984E-43;34;;;;;;;;
35;1.04025E-11;3.29915E-16;6.10135E-21;4.13383E-43;35;;;;;;;;
36;1.20372E-11;4.13588E-16;8.33911E-21;8.58996E-43;36;;;;;;;;
37;1.39226E-11;5.18096E-16;1.13853E-20;1.77965E-42;37;;;;;;;;
38;1.60961E-11;6.48527E-16;1.55273E-20;3.67841E-42;38;;;;;;;;
39;1.86007E-11;8.11187E-16;2.11533E-20;7.57822E-42;39;;;;;;;;
40;2.14853E-11;1.01389E-15;2.87865E-20;1.5574E-41;40;;;;;;;;
41;2.48063E-11;1.26629E-15;3.91318E-20;3.19146E-41;41;;;;;;;;
42;2.86278E-11;1.58035E-15;5.31374E-20;6.52178E-41;42;;;;;;;;
43;3.30232E-11;1.97082E-15;7.20775E-20;1.32903E-40;43;;;;;;;;
44;3.80766E-11;2.45594E-15;9.76626E-20;2.70102E-40;44;;;;;;;;
45;4.38836E-11;3.05819E-15;1.32186E-19;5.47647E-40;45;;;;;;;;
46;5.05537E-11;3.80527E-15;1.7872E-19;1.11011E-39;46;;;;;;;;
47;5.82116E-11;4.73132E-15;2.41374E-19;2.27293E-39;47;;;;;;;;
48;6.69997E-11;5.87833E-15;3.2564E-19;4.90939E-39;48;;;;;;;;
49;7.708E-11;7.29797E-15;4.38847E-19;1.28038E-38;49;;;;;;;;
50;8.86375E-11;9.05368E-15;5.9077E-19;4.91381E-38;50;;;;;;;;
51;1.01882E-10;1.12234E-14;7.94425E-19;2.69977E-37;51;;;;;;;;
52;1.17054E-10;1.39027E-14;1.06713E-18;1.6983E-36;52;;;;;;;;
53;1.34425E-10;1.72087E-14;1.43189E-18;1.06484E-35;53;;;;;;;;
54;1.54305E-10;2.1285E-14;1.91925E-18;6.35994E-35;54;;;;;;;;
55;1.77046E-10;2.63071E-14;2.56971E-18;3.5801E-34;55;;;;;;;;
56;2.03048E-10;3.249E-14;3.43689E-18;1.89806E-33;56;;;;;;;;
57;2.32765E-10;4.0096E-14;4.59172E-18;9.49647E-33;57;;;;;;;;
58;2.66712E-10;4.94457E-14;6.12796E-18;4.49562E-32;58;;;;;;;;
59;3.05474E-10;6.093E-14;8.1693E-18;2.01911E-31;59;;;;;;;;
60;3.49713E-10;7.50255E-14;1.08789E-17;8.62579E-31;60;;;;;;;;
61;4.0018E-10;9.23129E-14;1.44714E-17;3.5137E-30;61;;;;;;;;
62;4.57725E-10;1.13499E-13;1.92296E-17;1.36791E-29;62;;;;;;;;
63;5.23312E-10;1.39443E-13;2.55244E-17;5.10047E-29;63;;;;;;;;
64;5.98029E-10;1.71189E-13;3.38433E-17;1.82517E-28;64;;;;;;;;
65;6.8311E-10;2.10006E-13;4.48247E-17;6.27999E-28;65;;;;;;;;
66;7.79947E-10;2.57432E-13;5.93052E-17;2.08139E-27;66;;;;;;;;
67;8.90114E-10;3.15332E-13;7.83785E-17;6.65599E-27;67;;;;;;;;
68;0.000000001;3.85967E-13;1.03474E-16;2.05695E-26;68;;;;;;;;
69;1.15778E-09;4.72071E-13;1.36456E-16;6.15222E-26;69;;;;;;;;
70;1.31955E-09;5.76953E-13;1.79757E-16;1.78338E-25;70;;;;;;;;
71;1.50325E-09;7.0461E-13;2.36541E-16;5.01693E-25;71;;;;;;;;
72;1.71175E-09;8.59869E-13;3.10927E-16;1.37137E-24;72;;;;;;;;
73;1.94832E-09;1.04856E-12;4.08262E-16;3.64674E-24;73;;;;;;;;
74;2.21658E-09;1.27769E-12;5.35486E-16;9.44444E-24;74;;;;;;;;
75;2.52065E-09;1.55574E-12;7.01597E-16;2.38466E-23;75;;;;;;;;
76;2.86517E-09;1.89288E-12;9.1824E-16;5.87614E-23;76;;;;;;;;
77;3.25531E-09;2.30135E-12;1.20048E-15;1.41444E-22;77;;;;;;;;
78;3.69693E-09;2.79589E-12;1.56777E-15;3.32885E-22;78;;;;;;;;
79;4.19658E-09;3.39416E-12;2.04521E-15;7.66644E-22;79;;;;;;;;
80;4.76164E-09;4.11737E-12;2.66516E-15;1.72916E-21;80;;;;;;;;
81;5.40038E-09;4.99094E-12;3.46928E-15;3.82257E-21;81;;;;;;;;
82;6.12206E-09;6.04534E-12;4.51111E-15;8.28845E-21;82;;;;;;;;
83;6.93709E-09;7.31703E-12;5.85946E-15;1.76397E-20;83;;;;;;;;
84;7.85711E-09;8.84962E-12;7.60258E-15;3.68722E-20;84;;;;;;;;
85;8.89518E-09;1.06952E-11;9.85358E-15;7.57483E-20;85;;;;;;;;
86;1.00659E-08;1.29161E-11;1.27572E-14;1.5303E-19;86;;;;;;;;
87;1.13856E-08;1.55864E-11;1.64986E-14;3.04198E-19;87;;;;;;;;
88;1.28727E-08;1.87948E-11;2.13142E-14;5.95329E-19;88;;;;;;;;
89;1.45474E-08;2.26467E-11;2.75054E-14;1.14764E-18;89;;;;;;;;
90;1.64327E-08;2.72676E-11;3.54567E-14;2.18031E-18;90;;;;;;;;
91;1.8554E-08;3.28068E-11;4.5657E-14;4.08418E-18;91;;;;;;;;
92;2.09398E-08;3.94419E-11;5.8728E-14;7.54686E-18;92;;;;;;;;
93;2.36218E-08;4.73834E-11;7.54594E-14;1.37624E-17;93;;;;;;;;
94;2.66355E-08;5.68814E-11;9.68524E-14;2.47781E-17;94;;;;;;;;
95;0.00000003;6.82323E-11;1.24176E-13;4.40623E-17;95;;;;;;;;
96;3.38201E-08;8.17872E-11;1.59035E-13;7.74209E-17;96;;;;;;;;
97;3.80839E-08;9.79616E-11;2.03459E-13;1.34463E-16;97;;;;;;;;
98;4.28661E-08;1.17247E-10;2.60011E-13;2.30915E-16;98;;;;;;;;
99;4.82273E-08;1.40224E-10;3.31922E-13;3.92246E-16;99;;;;;;;;
100;5.42348E-08;1.67579E-10;4.23262E-13;6.59269E-16;100;;;;;;;;
101;0.000000061;2.00121E-10;5.39152E-13;1.09673E-15;101;;;;;;;;
102;6.84961E-08;2.38804E-10;6.86031E-13;1.80637E-15;102;;;;;;;;
103;7.69253E-08;2.84751E-10;8.71977E-13;2.94647E-15;103;;;;;;;;
104;8.63533E-08;3.39284E-10;1.10712E-12;4.76116E-15;104;;;;;;;;
105;9.68935E-08;4.0396E-10;1.40416E-12;7.62348E-15;105;;;;;;;;
106;1.08672E-07;4.80605E-10;1.77896E-12;1.20986E-14;106;;;;;;;;
107;1.21827E-07;5.71365E-10;2.25135E-12;1.90358E-14;107;;;;;;;;
108;1.36515E-07;6.78758E-10;2.84611E-12;2.97002E-14;108;;;;;;;;
109;1.52904E-07;8.05733E-10;3.59409E-12;4.59625E-14;109;;;;;;;;
110;1.71185E-07;0.000000001;4.53374E-12;7.05667E-14;110;;;;;;;;
111;1.91566E-07;1.13284E-09;5.71285E-12;1.07508E-13;111;;;;;;;;
112;2.14278E-07;1.34176E-09;7.19082E-12;1.62561E-13;112;;;;;;;;
113;2.39576E-07;1.588E-09;9.04135E-12;2.44014E-13;113;;;;;;;;
114;2.67741E-07;1.87804E-09;1.13558E-11;3.63679E-13;114;;;;;;;;
115;2.99084E-07;2.21939E-09;1.42473E-11;5.38279E-13;115;;;;;;;;
116;3.33947E-07;2.62083E-09;1.78556E-11;7.91335E-13;116;;;;;;;;
117;3.72706E-07;3.09257E-09;2.23536E-11;1.15572E-12;117;;;;;;;;
118;4.1578E-07;3.64649E-09;2.79543E-11;1.67709E-12;118;;;;;;;;
119;4.63624E-07;4.29642E-09;3.49205E-11;2.41849E-12;119;;;;;;;;
120;5.16743E-07;5.0584E-09;4.35753E-11;3.46642E-12;120;;;;;;;;
121;5.75691E-07;0.000000006;5.43164E-11;4.93894E-12;121;;;;;;;;
122;6.41077E-07;0.000000007;6.76317E-11;6.99626E-12;122;;;;;;;;
123;7.13571E-07;8.21837E-09;8.41201E-11;9.8546E-12;123;;;;;;;;
124;7.93909E-07;9.64705E-09;1.04515E-10;1.38042E-11;124;;;;;;;;
125;8.82897E-07;1.13156E-08;1.29714E-10;1.92329E-11;125;;;;;;;;
126;9.81423E-07;1.32629E-08;1.60814E-10;2.66557E-11;126;;;;;;;;
127;1.09046E-06;1.55336E-08;1.99154E-10;3.67539E-11;127;;;;;;;;
128;1.21106E-06;1.81796E-08;2.46369E-10;5.04239E-11;128;;;;;;;;
129;1.34441E-06;2.12603E-08;3.04447E-10;6.88399E-11;129;;;;;;;;
130;1.49177E-06;2.48445E-08;3.75809E-10;9.35329E-11;130;;;;;;;;
131;1.65454E-06;0.000000029;4.63396E-10;1.2649E-10;131;;;;;;;;
132;1.83426E-06;3.38517E-08;5.70778E-10;1.70279E-10;132;;;;;;;;
133;2.03259E-06;3.94701E-08;7.02281E-10;2.28205E-10;133;;;;;;;;
134;2.25136E-06;0.000000046;8.63147E-10;3.04503E-10;134;;;;;;;;
135;2.49256E-06;5.35389E-08;1.05971E-09;4.04578E-10;135;;;;;;;;
136;2.75838E-06;6.22851E-08;1.29963E-09;5.353E-10;136;;;;;;;;
137;3.05118E-06;7.24059E-08;1.59215E-09;7.05371E-10;137;;;;;;;;
138;3.37356E-06;8.41083E-08;1.94839E-09;9.25766E-10;138;;;;;;;;
139;3.72833E-06;9.76292E-08;2.38176E-09;1.21028E-09;139;;;;;;;;
140;4.11857E-06;1.13239E-07;2.90837E-09;1.57619E-09;140;;;;;;;;
141;4.54763E-06;1.31246E-07;3.54758E-09;0.000000002;141;;;;;;;;
142;5.01915E-06;0.000000152;4.32258E-09;2.64365E-09;142;;;;;;;;
143;5.53708E-06;1.75913E-07;5.2612E-09;3.40523E-09;143;;;;;;;;
144;6.10574E-06;2.0343E-07;6.39669E-09;4.37081E-09;144;;;;;;;;
145;6.72979E-06;2.35076E-07;7.76885E-09;5.59091E-09;145;;;;;;;;
146;7.41431E-06;2.71443E-07;9.42514E-09;7.12751E-09;146;;;;;;;;
147;8.16482E-06;3.13201E-07;1.14222E-08;9.05646E-09;147;;;;;;;;
148;8.98729E-06;3.61113E-07;1.38274E-08;1.14703E-08;148;;;;;;;;
149;9.88819E-06;0.000000416;1.67209E-08;1.44814E-08;149;;;;;;;;
150;1.08745E-05;0.000000479;2.01981E-08;1.82263E-08;150;;;;;;;;
151;0.000011954;0.000000551;2.4372E-08;2.28699E-08;151;;;;;;;;
152;1.31346E-05;6.33399E-07;2.93767E-08;2.86109E-08;152;;;;;;;;
153;1.44255E-05;7.2757E-07;3.53707E-08;3.56885E-08;153;;;;;;;;
154;1.58362E-05;8.35118E-07;4.25417E-08;4.43893E-08;154;;;;;;;;
155;0.000017377;9.57847E-07;5.11112E-08;5.50561E-08;155;;;;;;;;
156;1.90593E-05;1.09779E-06;6.13405E-08;6.80978E-08;156;;;;;;;;
157;2.08951E-05;1.25724E-06;7.35374E-08;0.000000084;157;;;;;;;;
158;2.28975E-05;1.43878E-06;8.80642E-08;1.03344E-07;158;;;;;;;;
159;2.50806E-05;1.6453E-06;1.05347E-07;1.26809E-07;159;;;;;;;;
160;2.74596E-05;1.88005E-06;1.25885E-07;1.55205E-07;160;;;;;;;;
161;3.00509E-05;2.1467E-06;1.50264E-07;1.89483E-07;161;;;;;;;;
162;3.28719E-05;2.44933E-06;1.7917E-07;2.30763E-07;162;;;;;;;;
163;3.59418E-05;2.79254E-06;2.13406E-07;2.80357E-07;163;;;;;;;;
164;3.92809E-05;3.18147E-06;2.5391E-07;3.39803E-07;164;;;;;;;;
165;0.000042911;3.62185E-06;3.01774E-07;4.10893E-07;165;;;;;;;;
166;4.68556E-05;4.12012E-06;3.58272E-07;4.95722E-07;166;;;;;;;;
167;0.00005114;4.68343E-06;4.24889E-07;5.9672E-07;167;;;;;;;;
168;5.57913E-05;5.31978E-06;5.03347E-07;7.16712E-07;168;;;;;;;;
169;6.08385E-05;6.03808E-06;5.95647E-07;0.000000859;169;;;;;;;;
170;6.63127E-05;6.84824E-06;7.04111E-07;1.02727E-06;170;;;;;;;;
171;7.22472E-05;7.76131E-06;8.31426E-07;0.000001226;171;;;;;;;;
172;7.86777E-05;8.78955E-06;9.80698E-07;1.46014E-06;172;;;;;;;;
173;8.56423E-05;9.94658E-06;1.15552E-06;1.7355E-06;173;;;;;;;;
174;9.31818E-05;1.12475E-05;0.00000136;2.0587E-06;174;;;;;;;;
175;0.00010134;1.27091E-05;0.000001599;2.43733E-06;175;;;;;;;;
176;0.000110163;1.43499E-05;1.87794E-06;2.88008E-06;176;;;;;;;;
177;0.000119701;1.61904E-05;2.20315E-06;3.39686E-06;177;;;;;;;;
178;0.000130006;1.82533E-05;2.58187E-06;0.000003999;178;;;;;;;;
179;0.000141136;2.05637E-05;3.02243E-06;4.6992E-06;179;;;;;;;;
180;0.00015315;2.31493E-05;3.53433E-06;5.51221E-06;180;;;;;;;;
181;0.000166113;2.60404E-05;4.12846E-06;6.45453E-06;181;;;;;;;;
182;0.000180093;2.92708E-05;4.81724E-06;7.54489E-06;182;;;;;;;;
183;0.000195162;3.28773E-05;5.61485E-06;8.80447E-06;183;;;;;;;;
184;0.000211398;3.69007E-05;6.53745E-06;1.02572E-05;184;;;;;;;;
185;0.000228882;4.13854E-05;7.60339E-06;0.00001193;185;;;;;;;;
186;0.000247701;4.63805E-05;8.83358E-06;1.38534E-05;186;;;;;;;;
187;0.000267948;5.19397E-05;1.02517E-05;1.60613E-05;187;;;;;;;;
188;0.000289721;5.81218E-05;1.18846E-05;1.85921E-05;188;;;;;;;;
189;0.000313124;6.49911E-05;1.37626E-05;2.14888E-05;189;;;;;;;;
190;0.000338266;7.26181E-05;1.59202E-05;2.47995E-05;190;;;;;;;;
191;0.000365264;8.10795E-05;1.83961E-05;2.85781E-05;191;;;;;;;;
192;0.00039424;9.04591E-05;2.12341E-05;3.28848E-05;192;;;;;;;;
193;0.000425325;0.000100849;2.44833E-05;3.77867E-05;193;;;;;;;;
194;0.000458657;0.000112347;2.81992E-05;4.33587E-05;194;;;;;;;;
195;0.000494379;0.000125063;3.24438E-05;4.96844E-05;195;;;;;;;;
196;0.000532647;0.000139115;3.72869E-05;5.68566E-05;196;;;;;;;;
197;0.00057362;0.00015463;4.28066E-05;6.49788E-05;197;;;;;;;;
198;0.00061747;0.000171747;4.90903E-05;7.41658E-05;198;;;;;;;;
199;0.000664375;0.000190616;5.62353E-05;8.45454E-05;199;;;;;;;;
200;0.000714525;0.0002114;6.43505E-05;9.62591E-05;200;;;;;;;;
201;0.000768117;0.000234275;7.35571E-05;0.000109464;201;;;;;;;;
202;0.00082536;0.000259431;8.39899E-05;0.000124335;202;;;;;;;;
203;0.000886474;0.000287075;9.57985E-05;0.000141066;203;;;;;;;;
204;0.000951687;0.000317426;0.000109149;0.00015987;204;;;;;;;;
205;0.00102124;0.000350725;0.000124226;0.000180987;205;;;;;;;;
206;0.00109539;0.000387227;0.000141231;0.000204678;206;;;;;;;;
207;0.0011744;0.000427209;0.000160391;0.000231237;207;;;;;;;;
208;0.00125855;0.000470967;0.000181954;0.000260988;208;;;;;;;;
209;0.00134812;0.000518819;0.000206191;0.000294291;209;;;;;;;;
210;0.00144343;0.000571107;0.000233404;0.000331543;210;;;;;;;;
211;0.00154478;0.000628195;0.000263923;0.00037319;211;;;;;;;;
212;0.00165251;0.000690473;0.000298109;0.000419721;212;;;;;;;;
213;0.00176697;0.000758359;0.000336359;0.000471685;213;;;;;;;;
214;0.00188851;0.000832297;0.000379106;0.000529689;214;;;;;;;;
215;0.00201751;0.000912762;0.000426823;0.000594409;215;;;;;;;;
216;0.00215437;0.00100026;0.000480025;0.0006666;216;;;;;;;;
217;0.00229947;0.00109532;0.000539276;0.000747099;217;;;;;;;;
218;0.00245326;0.00119853;0.000605184;0.000836843;218;;;;;;;;
219;0.00261616;0.00131048;0.000678412;0.000936876;219;;;;;;;;
220;0.00278864;0.00143182;0.000759678;0.00104836;220;;;;;;;;
221;0.00297116;0.00156322;0.000849758;0.0011726;221;;;;;;;;
222;0.00316422;0.00170541;0.000949492;0.00131104;222;;;;;;;;
223;0.00336831;0.00185915;0.00105978;0.0014653;223;;;;;;;;
224;0.00358397;0.00202522;0.00118161;0.00163721;224;;;;;;;;
225;0.00381174;0.00220449;0.00131601;0.00182877;225;;;;;;;;
226;0.00405217;0.00239784;0.00146411;0.00204225;226;;;;;;;;
227;0.00430585;0.00260619;0.00162712;0.00228017;227;;;;;;;;
228;0.00457336;0.00283053;0.00180633;0.00254533;228;;;;;;;;
229;0.00485533;0.0030719;0.0020031;0.00284089;229;;;;;;;;
230;0.00515239;0.00333135;0.00221891;0.00317031;230;;;;;;;;
231;0.00546518;0.00361002;0.00245532;0.0035375;231;;;;;;;;
232;0.00579437;0.00390908;0.00271397;0.00394675;232;;;;;;;;
233;0.00614065;0.00422976;0.00299663;0.00440285;233;;;;;;;;
234;0.00650472;0.00457332;0.00330515;0.00491109;234;;;;;;;;
235;0.0068873;0.00494111;0.0036415;0.00547733;235;;;;;;;;
236;0.00728912;0.00533448;0.00400774;0.006108;236;;;;;;;;
237;0.00771096;0.00575488;0.00440606;0.00681022;237;;;;;;;;
238;0.00815356;0.00620377;0.00483873;0.00759176;238;;;;;;;;
239;0.00861772;0.00668268;0.00530815;0.00846116;239;;;;;;;;
240;0.00910424;0.00719319;0.00581683;0.0094277;240;;;;;;;;
241;0.00961394;0.00773693;0.00636737;0.0105015;241;;;;;;;;
242;0.0101476;0.00831555;0.0069625;0.0116936;242;;;;;;;;
243;0.0107062;0.00893078;0.00760504;0.0130158;243;;;;;;;;
244;0.0112905;0.00958438;0.00829791;0.0144809;244;;;;;;;;
245;0.0119013;0.0102781;0.00904415;0.0161026;245;;;;;;;;
246;0.0125396;0.0110139;0.00984687;0.0178956;246;;;;;;;;
247;0.0132062;0.0117935;0.0107093;0.0198754;247;;;;;;;;
248;0.013902;0.0126188;0.0116347;0.0220586;248;;;;;;;;
249;0.014628;0.0134919;0.0126264;0.0244627;249;;;;;;;;
250;0.015385;0.0144146;0.0136879;0.0271057;250;;;;;;;;
251;0.016174;0.0153889;0.0148227;0.0300069;251;;;;;;;;
252;0.0169959;0.0164169;0.0160343;0.0331861;252;;;;;;;;
253;0.0178516;0.0175004;0.0173262;0.0366635;253;;;;;;;;
254;0.0187419;0.0186415;0.0187021;0.0404602;254;;;;;;;;
255;0.0196679;0.0198423;0.0201656;0.0445974;255;;;;;;;;
256;0.0206305;0.0211046;0.0217202;0.0490966;256;;;;;;;;
257;0.0216305;0.0224305;0.0233695;0.0539794;257;;;;;;;;
258;0.0226688;0.023822;0.025117;0.059267;258;;;;;;;;
259;0.0237464;0.0252809;0.0269663;0.0649805;259;;;;;;;;
260;0.0248642;0.0268091;0.0289206;0.0711402;260;;;;;;;;
261;0.0260229;0.0284086;0.0309833;0.0777657;261;;;;;;;;
262;0.0272235;0.030081;0.0331575;0.0848752;262;;;;;;;;
263;0.0284667;0.0318282;0.0354463;0.0924857;263;;;;;;;;
264;0.0297535;0.0336518;0.0378524;0.100612;264;;;;;;;;
265;0.0310845;0.0355533;0.0403787;0.109269;265;;;;;;;;
266;0.0324606;0.0375344;0.0430275;0.118466;266;;;;;;;;
267;0.0338826;0.0395963;0.0458011;0.128212;267;;;;;;;;
268;0.035351;0.0417404;0.0487014;0.138513;268;;;;;;;;
269;0.0368666;0.0439678;0.05173;0.149371;269;;;;;;;;
270;0.03843;0.0462796;0.0548885;0.160786;270;;;;;;;;
271;0.0400419;0.0486768;0.0581777;0.172755;271;;;;;;;;
272;0.0417027;0.05116;0.0615984;0.185269;272;;;;;;;;
273;0.0434131;0.0537299;0.0651509;0.198317;273;;;;;;;;
274;0.0451735;0.056387;0.0688351;0.211884;274;;;;;;;;
275;0.0469843;0.0591315;0.0726504;0.225952;275;;;;;;;;
276;0.0488458;0.0619634;0.0765959;0.240498;276;;;;;;;;
277;0.0507585;0.0648828;0.0806703;0.255495;277;;;;;;;;
278;0.0527226;0.0678893;0.0848715;0.270914;278;;;;;;;;
279;0.0547382;0.0709823;0.0891973;0.286721;279;;;;;;;;
280;0.0568056;0.0741611;0.0936448;0.30288;280;;;;;;;;
281;0.0589247;0.0774248;0.0982106;0.319353;281;;;;;;;;
282;0.0610956;0.0807722;0.102891;0.336096;282;;;;;;;;
283;0.0633183;0.0842019;0.107681;0.353067;283;;;;;;;;
284;0.0655925;0.0877121;0.112576;0.370221;284;;;;;;;;
285;0.0679182;0.091301;0.117571;0.387511;285;;;;;;;;
286;0.0702949;0.0949663;0.122659;0.404889;286;;;;;;;;
287;0.0727224;0.0987057;0.127835;0.422309;287;;;;;;;;
288;0.0752001;0.102516;0.133091;0.439724;288;;;;;;;;
289;0.0777277;0.106396;0.13842;0.457087;289;;;;;;;;
290;0.0803043;0.11034;0.143813;0.474355;290;;;;;;;;
291;0.0829294;0.114346;0.149264;0.491485;291;;;;;;;;
292;0.0856021;0.11841;0.154761;0.508437;292;;;;;;;;
293;0.0883215;0.122528;0.160298;0.525173;293;;;;;;;;
294;0.0910867;0.126696;0.165864;0.541661;294;;;;;;;;
295;0.0938967;0.13091;0.171449;0.557869;295;;;;;;;;
296;0.0967501;0.135164;0.177044;0.573771;296;;;;;;;;
297;0.0996459;0.139453;0.182638;0.589347;297;;;;;;;;
298;0.102583;0.143774;0.18822;0.604576;298;;;;;;;;
299;0.105559;0.148119;0.19378;0.619447;299;;;;;;;;
300;0.108573;0.152484;0.199307;0.633951;300;;;;;;;;
301;0.111623;0.156862;0.204791;0.648082;301;;;;;;;;
302;0.114708;0.161249;0.210221;0.66184;302;;;;;;;;
303;0.117826;0.165637;0.215586;0.67523;303;;;;;;;;
304;0.120975;0.170021;0.220875;0.688257;304;;;;;;;;
305;0.124152;0.174394;0.226079;0.700934;305;;;;;;;;
306;0.127356;0.178749;0.231188;0.713273;306;;;;;;;;
307;0.130585;0.183081;0.23619;0.725292;307;;;;;;;;
308;0.133836;0.187381;0.241078;0.737007;308;;;;;;;;
309;0.137107;0.191645;0.245843;0.748441;309;;;;;;;;
310;0.140395;0.195864;0.250475;0.759614;310;;;;;;;;
311;0.143698;0.200032;0.254968;0.770547;311;;;;;;;;
312;0.147014;0.204142;0.259313;0.781263;312;;;;;;;;
313;0.150339;0.208188;0.263505;0.791783;313;;;;;;;;
314;0.15367;0.212163;0.267538;0.802128;314;;;;;;;;
315;0.157006;0.21606;0.271405;0.812315;315;;;;;;;;
316;0.160343;0.219872;0.275104;0.822363;316;;;;;;;;
317;0.163678;0.223594;0.278631;0.832286;317;;;;;;;;
318;0.167008;0.22722;0.281983;0.842097;318;;;;;;;;
319;0.17033;0.230742;0.285159;0.851803;319;;;;;;;;
320;0.173641;0.234156;0.288158;0.86141;320;;;;;;;;
321;0.176938;0.237455;0.290981;0.870921;321;;;;;;;;
322;0.180218;0.240635;0.293628;0.880334;322;;;;;;;;
323;0.183476;0.24369;0.296103;0.889643;323;;;;;;;;
324;0.186711;0.246616;0.298409;0.898838;324;;;;;;;;
325;0.189919;0.249407;0.30055;0.907907;325;;;;;;;;
326;0.193096;0.25206;0.302531;0.91683;326;;;;;;;;
327;0.196239;0.254571;0.30436;0.925587;327;;;;;;;;
328;0.199345;0.256938;0.306044;0.934153;328;;;;;;;;
329;0.202411;0.259155;0.307591;0.942498;329;;;;;;;;
330;0.205433;0.261222;0.309011;0.950591;330;;;;;;;;
331;0.208407;0.263135;0.310315;0.958394;331;;;;;;;;
332;0.211331;0.264894;0.311512;0.96587;332;;;;;;;;
333;0.214202;0.266497;0.312617;0.972978;333;;;;;;;;
334;0.217016;0.267942;0.313642;0.979673;334;;;;;;;;
335;0.21977;0.269231;0.3146;0.98591;335;;;;;;;;
336;0.22246;0.270362;0.315506;0.991641;336;;;;;;;;
337;0.225085;0.271338;0.316376;0.996817;337;;;;;;;;
338;0.22764;0.272157;0.317225;1.00139;338;;;;;;;;
339;0.230123;0.272824;0.318069;1.0053;339;;;;;;;;
340;0.23253;0.273339;0.318925;1.00852;340;;;;;;;;
341;0.23486;0.273706;0.31981;1.01097;341;;;;;;;;
342;0.237109;0.273927;0.320742;1.01262;342;;;;;;;;
343;0.239275;0.274006;0.321738;1.01342;343;;;;;;;;
344;0.241355;0.273948;0.322816;1.01332;344;;;;;;;;
345;0.243347;0.273757;0.323993;1.01229;345;;;;;;;;
346;0.245248;0.273438;0.325289;1.01027;346;;;;;;;;
347;0.247057;0.272998;0.326719;1.00723;347;;;;;;;;
348;0.24877;0.272442;0.328303;1.00314;348;;;;;;;;
349;0.250387;0.271777;0.330057;0.997976;349;;;;;;;;
350;0.251905;0.271009;0.331998;0.991708;350;;;;;;;;
351;0.253322;0.270147;0.334143;0.984322;351;;;;;;;;
352;0.254638;0.269198;0.336508;0.975805;352;;;;;;;;
353;0.25585;0.26817;0.339108;0.966153;353;;;;;;;;
354;0.256958;0.267073;0.341959;0.955368;354;;;;;;;;
355;0.25796;0.265915;0.345074;0.943459;355;;;;;;;;
356;0.258855;0.264705;0.348466;0.930441;356;;;;;;;;
357;0.259642;0.263453;0.352149;0.916337;357;;;;;;;;
358;0.260321;0.26217;0.356134;0.90118;358;;;;;;;;
359;0.260892;0.260865;0.360431;0.885005;359;;;;;;;;
360;0.261353;0.259548;0.365051;0.867858;360;0.5249409883;0.485451935;0.5604366798;0.628157481;0.608038221;0.8893013553;1;1
361;0.261706;0.25823;0.370001;0.84979;361;0.5253236249;0.480374318;0.5589063112;0.6309103585;0.6128210529;0.8918511741;0.9978336159;0.9991738215
362;0.261949;0.256923;0.375289;0.830858;362;0.5255868527;0.4752967011;0.5573822772;0.633663236;0.6178761666;0.8944009928;0.9955136539;0.998347643
363;0.262083;0.255637;0.380922;0.811125;363;0.5257319467;0.4702190841;0.5558764204;0.6364161135;0.6232007213;0.8969508116;0.9930385847;0.9975214645
364;0.262109;0.254384;0.386905;0.790658;364;0.5257600942;0.4651414671;0.554403135;0.639168991;0.6287894739;0.8995006304;0.9904070128;0.996695286
365;0.262026;0.253173;0.393241;0.769529;365;0.5256702328;0.4600638502;0.5529734933;0.6419218685;0.6346349206;0.9020504491;0.9876178815;0.9958691075
366;0.261836;0.252018;0.399934;0.747814;366;0.5254644639;0.4549862332;0.5516046636;0.644674746;0.6407301649;0.9046002679;0.9846704427;0.995042929
367;0.26154;0.250929;0.406986;0.72559;367;0.5251437254;0.4499086163;0.5503092785;0.6474276235;0.64706622;0.9071500867;0.9815639434;0.9942167505
368;0.261138;0.249918;0.414395;0.702936;368;0.5247077912;0.4448309993;0.5491024982;0.650180501;0.653630414;0.9096999054;0.9782978405;0.993390572
369;0.260632;0.248996;0.422162;0.679933;369;0.5241585262;0.4397533824;0.5479984224;0.6529333785;0.6604127578;0.9122497242;0.9748719074;0.9925643935
370;0.260023;0.248174;0.430284;0.656662;370;0.5234966366;0.4346757654;0.5470112375;0.655686256;0.6673998215;0.914799543;0.9712860499;0.991738215
371;0.259312;0.247465;0.438758;0.633202;371;0.5227227556;0.4295981485;0.5461575853;0.6584391335;0.6745784013;0.9173493617;0.9675400796;0.9909120365
372;0.258502;0.246878;0.447579;0.609631;372;0.521839627;0.4245205315;0.5454492923;0.661192011;0.681933906;0.9198991805;0.9636339381;0.9900858581
373;0.257594;0.246426;0.456742;0.586026;373;0.5208477546;0.4194429146;0.5449029455;0.6639448886;0.6894521553;0.9224489993;0.9595677951;0.9892596796
374;0.256591;0.246119;0.466239;0.562459;374;0.5197497679;0.4143652976;0.5445313924;0.6666977661;0.6971170108;0.924998818;0.9553414323;0.9884335011
375;0.255494;0.245968;0.476062;0.539;375;0.5185460551;0.4092876806;0.544348501;0.6694506436;0.7049129636;0.9275486368;0.950954797;0.9876073226
376;0.254306;0.245984;0.486202;0.515715;376;0.5172391459;0.4042100637;0.5443678846;0.6722035211;0.7128243804;0.9300984556;0.9464077018;0.9867811441
377;0.253029;0.246177;0.496648;0.492667;377;0.51583043;0.3991324467;0.5446016174;0.6749563986;0.7208348215;0.9326482743;0.9417000575;0.9859549656
378;0.251667;0.246557;0.507389;0.469913;378;0.5143234697;0.3940548298;0.5450613745;0.6777092761;0.7289286725;0.9351980931;0.936831291;0.9851287871
379;0.250221;0.247135;0.518413;0.447505;379;0.51271848;0.3889772128;0.5457595679;0.6804621536;0.7370904065;0.9377479119;0.9318004989;0.9843026086
380;0.248695;0.24792;0.529705;0.425493;380;0.5110189729;0.3838995959;0.5467056478;0.6832150311;0.7453031972;0.9402977306;0.926607129;0.9834764301
381;0.247093;0.248922;0.541253;0.403921;381;0.5092284587;0.3788219789;0.5479096623;0.6859679086;0.7535533434;0.9428475494;0.9212500942;0.9826502516
382;0.245416;0.250148;0.553039;0.382828;382;0.5073470824;0.3742235227;0.5493773926;0.691925617;0.7618237929;0.9424716838;0.9157279223;0.9783027393
383;0.243669;0.251609;0.565049;0.362249;383;0.5053794618;0.3696250665;0.551118696;0.6978833254;0.7701013197;0.9420958182;0.9100389588;0.9739552271
384;0.241855;0.253313;0.577266;0.342214;384;0.5033279831;0.3650266103;0.5531390597;0.7038410338;0.7783715423;0.9417199526;0.9041810396;0.9696077148
385;0.239977;0.255266;0.589672;0.322752;385;0.5011950372;0.3604281541;0.5554408229;0.7097987422;0.7866203845;0.941344087;0.8981526364;0.9652602025
386;0.23804;0.257477;0.602248;0.303885;386;0.4989853106;0.3558296979;0.558029058;0.7157564507;0.7948340878;0.9409682213;0.8919510473;0.9609126903
387;0.236047;0.259953;0.614977;0.285633;387;0.4967012488;0.3512312416;0.5609056363;0.7217141591;0.8030011269;0.9405923557;0.8855738289;0.956565178
388;0.234002;0.262701;0.627838;0.268012;388;0.4943464718;0.3466327854;0.5640715943;0.7276718675;0.8111082957;0.9402164901;0.8790181361;0.9522176658
389;0.23191;0.265726;0.640812;0.251035;389;0.4919258071;0.3420343292;0.5675248563;0.7336295759;0.8191445598;0.9398406245;0.8722810057;0.9478701535
390;0.229774;0.269033;0.653879;0.234712;390;0.4894418281;0.337435873;0.5712626033;0.7395872843;0.8270990809;0.9394647589;0.8653593258;0.9435226412
391;0.227598;0.272629;0.667018;0.219051;391;0.4868983163;0.3328374168;0.5752835217;0.7455449927;0.834961215;0.9390888933;0.858250258;0.939175129
392;0.225387;0.276518;0.680208;0.204057;392;0.4843002973;0.3282389606;0.5795822081;0.7515027011;0.8427210901;0.9387130277;0.8509508332;0.9348276167
393;0.223146;0.280703;0.693428;0.189733;393;0.4816528934;0.3236405044;0.5841515684;0.7574604095;0.8503695498;0.938337162;0.8434584226;0.9304801044
394;0.220878;0.285188;0.706655;0.176078;394;0.4789589486;0.3190420482;0.5889850781;0.7634181179;0.8578969696;0.9379612964;0.835769671;0.9261325922
395;0.218589;0.289977;0.719869;0.163092;395;0.4762249575;0.314443592;0.5940757071;0.7693758264;0.8652960704;0.9375854308;0.8278833048;0.9217850799
396;0.216283;0.29507;0.733047;0.150769;396;0.4734551481;0.3098451357;0.5994118106;0.7753335348;0.8725584515;0.9372095652;0.8197961591;0.9174375677
397;0.213964;0.300471;0.746167;0.139104;397;0.4706538427;0.3052466795;0.6049856933;0.7812912432;0.8796768232;0.9368336996;0.8115074064;0.9130900554
398;0.211638;0.30618;0.759207;0.128088;398;0.4678278994;0.3006482233;0.6107852903;0.7872489516;0.8866443842;0.936457834;0.8030154572;0.9087425431
399;0.209308;0.312198;0.772144;0.117711;399;0.4649806599;0.2960497671;0.6167995067;0.79320666;0.8934542514;0.9360819683;0.7943200139;0.9043950309
400;0.206981;0.318525;0.784956;0.10796;400;0.4621204756;0.2914513109;0.6230162471;0.7991643684;0.9001004823;0.9357061027;0.7854205325;0.9000475186
401;0.20466;0.32516;0.79762;0.0988221;401;0.4592509361;0.2868528547;0.629422556;0.8051220768;0.906576978;0.9353302371;0.7763190156;0.8957000063
402;0.20235;0.332101;0.810114;0.0902805;402;0.4563782113;0.2822543985;0.6360047562;0.8110797852;0.9128784781;0.9349543715;0.7670163255;0.8913524941
403;0.200057;0.339348;0.822415;0.0823174;403;0.4535098717;0.2776559423;0.6427513506;0.8170374936;0.9189994983;0.9345785059;0.7575147191;0.8870049818
404;0.197786;0.346896;0.834501;0.0749134;404;0.4506524038;0.2730574861;0.6496465553;0.8229952021;0.9249353004;0.9342026403;0.7478172305;0.8826574696
405;0.19554;0.354744;0.846348;0.0680477;405;0.4478099055;0.2684590298;0.6566787568;0.8289529105;0.9306803786;0.9338267747;0.7379277474;0.8783099573
406;0.193326;0.362887;0.857934;0.061698;406;0.4449916721;0.2638605736;0.6638332317;0.8349106189;0.936230389;0.933450909;0.727850579;0.873962445
407;0.191148;0.371321;0.869236;0.0558412;407;0.4422033556;0.2592621174;0.6710967782;0.8408683273;0.9415806442;0.9330750434;0.7175911695;0.8696149328
408;0.189012;0.380041;0.880232;0.0504531;408;0.4394533089;0.2626528764;0.6784559716;0.8454249624;0.9467270405;0.9364212913;0.7071552465;0.8515039956
409;0.186921;0.389041;0.890899;0.045509;409;0.4367461638;0.2660436354;0.6858972558;0.8499815975;0.9516650793;0.9397675391;0.6965493736;0.8333930584
410;0.184881;0.398315;0.901214;0.0409839;410;0.4340905527;0.2694343943;0.6934078281;0.8545382326;0.9563903186;0.9431137869;0.6857809376;0.8152821212
411;0.182897;0.407857;0.911156;0.0368523;411;0.4314939602;0.2728251533;0.7009756307;0.8590948677;0.9608992443;0.9464600347;0.6748570091;0.797171184
412;0.180974;0.417659;0.9207;0.0330891;412;0.4289640009;0.2762159123;0.7085877992;0.8636515028;0.9651865166;0.9498062826;0.6637858638;0.7790602469
413;0.179116;0.427712;0.929824;0.0296693;413;0.4265070855;0.2796066713;0.7162315586;0.8682081379;0.9692481265;0.9531525304;0.6525756324;0.7609493097
414;0.177329;0.438009;0.938507;0.0265686;414;0.4241323762;0.2829974303;0.7238964839;0.8727647729;0.9730804276;0.9564987782;0.6412354555;0.7428383725
415;0.175617;0.448541;0.946726;0.0237631;415;0.4218464864;0.2863881892;0.7315714278;0.877321408;0.976678784;0.9598450261;0.6297738097;0.7247274353
416;0.173985;0.459298;0.954458;0.0212298;416;0.4196574397;0.2897789482;0.7392453481;0.8818780431;0.9800384441;0.9631912739;0.6181995319;0.7066164981
417;0.172439;0.470269;0.961681;0.0189467;417;0.4175746871;0.2931697072;0.7469073438;0.8864346782;0.9831549409;0.9665375217;0.6065217926;0.688505561
418;0.170981;0.481446;0.968374;0.0168929;418;0.4156023417;0.2965604662;0.754549391;0.8909913133;0.9860240484;0.9698837695;0.5947502074;0.6703946238
419;0.169618;0.492816;0.974515;0.0150484;419;0.4137513014;0.2999512251;0.7621607847;0.8955479484;0.9886408915;0.9732300174;0.5828931519;0.6522836866
420;0.168354;0.504368;0.980083;0.0133945;420;0.4120284369;0.3033419841;0.769732987;0.9001045835;0.9910007752;0.9765762652;0.5709595715;0.6341727494
421;0.167194;0.51609;0.985056;0.0119138;421;0.4104419783;0.3067327431;0.7772575337;0.9046612186;0.993098302;0.979922513;0.5589592057;0.6160618122
422;0.166141;0.527971;0.989414;0.0105899;422;0.4089973952;0.3101235021;0.7847272979;0.9092178537;0.9949286082;0.9832687609;0.5469001473;0.5979508751
423;0.165201;0.539998;0.993137;0.00940763;423;0.4077042257;0.3135142611;0.7921345493;0.9137744888;0.9964864795;0.9866150087;0.5347903534;0.5798399379
424;0.164378;0.552158;0.996206;0.00835317;424;0.4065692055;0.31690502;0.799472229;0.9183311239;0.9977667356;0.9899612565;0.5226395227;0.5617290007
425;0.163676;0.564437;0.998602;0.00741365;425;0.4055989771;0.320295779;0.8067333146;0.922887759;0.9987637759;0.9933075043;0.5104553864;0.5436180635
426;0.1631;0.576823;1.00031;0.00657734;426;0.4048014547;0.323686538;0.8139125532;0.9274443941;0.9994732049;0.9966537522;0.4982460349;0.5255071263
427;0.162653;0.589301;1.0013;0.00583355;427;0.4041816483;0.327077297;0.8210034876;0.9320010292;0.999883908;1;0.4860195424;0.5073961891
428;0.16234;0.601857;1.00158;0.00517255;428;0.4037471779;0.3373023873;0.8280007875;0.9352390754;1;0.9955158266;0.4737836533;0.4895713343
429;0.162166;0.614478;1.00111;0.00458553;429;0.4035054846;0.3475274776;0.8349001497;0.9384771216;0.9998051146;0.9910316533;0.4615461436;0.4717464794
430;0.162133;0.627149;0.9999;0.00406453;430;0.4034596327;0.3577525679;0.8416966128;0.9417151679;0.9993030084;0.9865474799;0.4493147844;0.4539216246
431;0.162246;0.639854;0.997923;0.00360236;431;0.4036166228;0.3679776581;0.8483851405;0.9449532141;0.9984814449;0.9820633065;0.4370969444;0.4360967697
432;0.162509;0.652581;0.995174;0.00319257;432;0.403981812;0.3782027484;0.8549631904;0.9481912603;0.9973366264;0.9775791332;0.4249004051;0.4182719149
433;0.162926;0.665312;0.991644;0.00282936;433;0.404560281;0.3884278387;0.8614254601;0.9514293065;0.9958623739;0.9730949598;0.4127326537;0.40044706
434;0.163499;0.678034;0.987327;0.00250753;434;0.4053540432;0.398652929;0.8677695628;0.9546673528;0.9940530019;0.9686107864;0.4006010059;0.3826222051
435;0.164234;0.690731;0.98222;0.00222245;435;0.4063703408;0.4088780193;0.8739918866;0.957905399;0.9919032966;0.9641266131;0.3885136426;0.3647973503
436;0.165133;0.703389;0.97632;0.00196998;436;0.4076105448;0.4191031096;0.8800900809;0.9611434452;0.98940723;0.9596424397;0.3764787427;0.3469724954
437;0.166199;0.71599;0.969629;0.0017464;437;0.4090770748;0.4293281999;0.8860601273;0.9643814915;0.9865600478;0.9551582663;0.3645031178;0.3291476406
438;0.167437;0.728522;0.96215;0.00154845;438;0.4107747396;0.4395532902;0.8919010899;0.9676195377;0.9833565721;0.950674093;0.3525966531;0.3113227857
439;0.168848;0.740966;0.953888;0.00137318;439;0.412702493;0.4497783805;0.8976089485;0.9708575839;0.9797916066;0.9461899196;0.3407664954;0.2934979309
440;0.170437;0.75331;0.944852;0.00121801;440;0.4148643936;0.4600034708;0.903183101;0.9740956302;0.9758608007;0.9417057462;0.3290228369;0.275673076
441;0.172206;0.765535;0.935054;0.00108062;441;0.4172600232;0.4702285611;0.9086199176;0.9773336764;0.9715602409;0.9372215729;0.3173740317;0.2578482212
442;0.174158;0.777628;0.924507;0.000958971;442;0.4198899533;0.4804536514;0.9139186079;0.9805717226;0.9668855867;0.9327373995;0.3058303569;0.2400233663
443;0.176296;0.789572;0.913228;0.000851247;443;0.4227543746;0.4906787417;0.9190767191;0.9838097688;0.9618334089;0.9282532262;0.2944017495;0.2221985114
444;0.178622;0.801353;0.901238;0.000755841;444;0.4258517689;0.500903832;0.9240932018;0.9870478151;0.9564012565;0.9237690528;0.2830987228;0.2043736566
445;0.18114;0.812953;0.888558;0.000671333;445;0.4291829117;0.5111289223;0.928965384;0.9902858613;0.9505858953;0.9192848794;0.2719326109;0.1865488017
446;0.18385;0.824358;0.875215;0.000596464;446;0.4327429322;0.5213540126;0.9336923604;0.9935239075;0.9443860958;0.9148007061;0.2609149367;0.1687239469
447;0.186756;0.835551;0.861235;0.00053012;447;0.436531906;0.5315791029;0.9382720212;0.9967619538;0.9377994882;0.9103165327;0.2500576199;0.150899092
448;0.18986;0.846518;0.846649;0.000471317;448;0.440546936;0.5418041932;0.9427035253;1;0.9308254156;0.9058323593;0.2393731998;0.1330742372
449;0.193163;0.857241;0.83149;0.000419186;449;0.4447835449;0.5412359268;0.9469844337;0.9983398126;0.9234636494;0.8942599859;0.2288748365;0.1294305751
450;0.196667;0.867707;0.815793;0.000372957;450;0.4492382783;0.5406676604;0.951114321;0.9966796251;0.9157144845;0.8826876125;0.2185756697;0.1257869131
451;0.200374;0.877898;0.799594;0.00033195;451;0.4539074122;0.5400993941;0.9550907696;0.9950194377;0.9075783438;0.8711152391;0.2084891944;0.122143251
452;0.204286;0.887799;0.782931;0.000295565;452;0.4587869696;0.5395311277;0.9589125363;0.9933592502;0.8990563756;0.8595428657;0.1986293137;0.118499589
453;0.208403;0.897394;0.765844;0.00026327;453;0.4638702809;0.5389628613;0.962577957;0.9916990628;0.8901505948;0.8479704923;0.1890094537;0.1148559269
454;0.212727;0.906668;0.748375;0.000234596;454;0.4691529952;0.538394595;0.9660857074;0.9900388754;0.8808640472;0.8363981189;0.1796432145;0.1112122649
455;0.217259;0.915604;0.730565;0.000209129;455;0.4746293643;0.5378263286;0.9694336543;0.9883786879;0.8711993519;0.8248257455;0.1705440729;0.1075686028
456;0.221999;0.924187;0.712457;0.000186503;456;0.4802923309;0.5372580622;0.972620357;0.9867185005;0.8611604181;0.8132533721;0.1617250101;0.1039249408
457;0.226949;0.932402;0.694093;0.000166392;457;0.4861371411;0.5366897959;0.9756442893;0.985058313;0.8507509508;0.8016809987;0.1531972385;0.1002812787
458;0.232107;0.940231;0.675517;0.000148511;458;0.4921542677;0.5361215295;0.9785027381;0.9833981256;0.8399762664;0.7901086252;0.1449723884;0.0966376167
459;0.237476;0.94766;0.656772;0.000132607;459;0.4983400224;0.5355532631;0.9811943603;0.9817379382;0.828841762;0.7785362518;0.1370605387;0.0929939546
460;0.243054;0.954672;0.637899;0.000118456;460;0.5046849114;0.5349849968;0.9837166073;0.9800777507;0.8173523827;0.7669638784;0.1294702902;0.0893502926
461;0.248842;0.961253;0.61894;0.00010586;461;0.5111829437;0.5344167304;0.9860678877;0.9784175633;0.8055145291;0.755391505;0.1222087757;0.0857066305
462;0.254838;0.967387;0.599936;9.46434E-05;462;0.5178248258;0.533848464;0.9882457499;0.9767573759;0.7933350146;0.7438191316;0.1152811571;0.0820629685
463;0.261043;0.973058;0.580926;8.46512E-05;463;0.5246047153;0.5332801977;0.9902475959;0.9750971884;0.7808205108;0.7322467582;0.1086909952;0.0784193064
464;0.267456;0.978252;0.561949;7.57463E-05;464;0.5315146596;0.5327119313;0.9920713676;0.973437001;0.7679789473;0.7206743848;0.1024400009;0.0747756444
465;0.274074;0.982953;0.543041;6.78072E-05;465;0.5385447623;0.5406477184;0.9937141212;0.9715747822;0.7548176152;0.7022193364;0.0965278384;0.0737779983
466;0.280898;0.987146;0.524237;6.07262E-05;466;0.5456895844;0.5485835055;0.9951730707;0.9697125635;0.7413445547;0.6837642879;0.0909521264;0.0727803523
467;0.287925;0.990817;0.505571;5.44081E-05;467;0.5529396574;0.5565192927;0.9964455649;0.9678503447;0.7275686889;0.6653092395;0.0857087358;0.0717827063
468;0.295154;0.993953;0.487074;4.87682E-05;468;0.56028785;0.5644550798;0.9975290665;0.965988126;0.713498425;0.6468541911;0.080791418;0.0707850603
469;0.302583;0.99654;0.468776;4.37317E-05;469;0.5677262427;0.5723908669;0.9984204432;0.9641259072;0.6991431616;0.6283991427;0.076192481;0.0697874142
470;0.310209;0.998564;0.450704;3.92322E-05;470;0.5752462083;0.580326654;0.9991163003;0.9622636885;0.6845117908;0.6099440942;0.0719026421;0.0687897682
471;0.31803;1.00001;0.432884;3.52108E-05;471;0.5828404183;0.5882624411;0.9996126187;0.9604014697;0.6696142864;0.5914890458;0.067911286;0.0677921222
472;0.326043;1.00088;0.415339;3.16151E-05;472;0.5905008714;0.5961982282;0.9999109049;0.958539251;0.6544600929;0.5730339974;0.064206536;0.0667944762
473;0.334244;1.00114;0.398092;2.83987E-05;473;0.5982189684;0.6041340153;1;0.9566770322;0.6390607074;0.554578949;0.0607757366;0.0657968301
474;0.342632;1.0008;0.381162;2.55204E-05;474;0.6059892592;0.6120698024;0.9998834865;0.9548148135;0.6234262176;0.5361239005;0.0576055598;0.0647991841
475;0.351202;0.999833;0.364568;2.29437E-05;475;0.613802888;0.6200055895;0.9995519027;0.9529525947;0.6075688608;0.5176688521;0.0546823311;0.0638015381
476;0.35995;0.998245;0.348326;2.06358E-05;476;0.6216523295;0.6279413767;0.9990067163;0.951090376;0.5915003016;0.4992138037;0.0519916892;0.0628038921
477;0.368873;0.996023;0.33245;0.000018568;477;0.6295313086;0.6358771638;0.9982424817;0.9492281572;0.5752324624;0.4807587552;0.049519763;0.061806246
478;0.377965;0.993161;0.316953;1.67144E-05;478;0.6374312737;0.6438129509;0.997255734;0.9473659385;0.5587785356;0.4623037068;0.0472523095;0.0608086
479;0.387224;0.989655;0.301847;1.50523E-05;479;0.6453475329;0.651748738;0.9960432613;0.9455037197;0.5421530914;0.4438486584;0.0451757663;0.059810954
480;0.396643;0.985501;0.287141;0.000013561;480;0.6532714566;0.6596845251;0.9946013979;0.943641501;0.5253698614;0.42539361;0.043276289;0.058813308
481;0.406218;0.980696;0.272844;1.22227E-05;481;0.6611973743;0.6676203122;0.9929263513;0.9417792822;0.5084450297;0.4069385615;0.0415413373;0.0578156619
482;0.415943;0.97524;0.258964;0.000011021;482;0.6691183195;0.6755560993;0.9910148859;0.9399170634;0.4913962754;0.3884835131;0.039958167;0.0568180159
483;0.425814;0.969134;0.245506;9.94158E-06;483;0.6770293268;0.6834918864;0.9888636203;0.9380548447;0.4742402554;0.3700284647;0.0385150413;0.0558203699
484;0.435824;0.962382;0.232475;8.97159E-06;484;0.6849233768;0.6914276735;0.9864697249;0.9361926259;0.4569962259;0.3515734162;0.0372007365;0.0548227239
485;0.445968;0.954987;0.219874;8.09957E-06;485;0.6927954201;0.6993634607;0.9838295014;0.9343304072;0.4396835191;0.3331183678;0.0360046867;0.0538250778
486;0.456239;0.946955;0.207707;7.31531E-06;486;0.7006392051;0.7072992478;0.9809397904;0.9324681884;0.422325659;0.3146633194;0.0349170123;0.0528274318
487;0.46663;0.938295;0.195975;6.60968E-06;487;0.708448875;0.7152350349;0.9777979894;0.9306059697;0.4049448647;0.296208271;0.0339284722;0.0518297858
488;0.477137;0.929018;0.184678;5.97454E-06;488;0.7162211495;0.723170822;0.9744017111;0.9287437509;0.3875646067;0.2777532225;0.0330304956;0.0508321397
489;0.48775;0.919133;0.173816;5.40262E-06;489;0.7239486327;0.7311066091;0.9707473132;0.9268815322;0.3702111662;0.2592981741;0.0322151459;0.0498344937
490;0.498465;0.908657;0.163387;4.88741E-06;490;0.7316286724;0.7390423962;0.9668335954;0.9250193134;0.3529104648;0.2408431257;0.0314750757;0.0488368477
491;0.509273;0.897603;0.15339;4.4231E-06;491;0.7392553031;0.7469781833;0.9626573849;0.9231570947;0.3356928893;0.2223880772;0.0308035332;0.0478392017
492;0.520167;0.88599;0.143821;4.0045E-06;492;0.7468243301;0.7549139704;0.9582172818;0.9212948759;0.318586492;0.2039330288;0.0301943253;0.0468415556
493;0.53114;0.873837;0.134677;0.000003627;493;0.7543318441;0.7628497576;0.9535114479;0.9194326572;0.3016236804;0.1854779804;0.0296417511;0.0458439096
494;0.542184;0.861164;0.125951;3.28629E-06;494;0.7617735363;0.7707855447;0.9485379952;0.9175704384;0.2848318453;0.167022932;0.0291406107;0.0448462636
495;0.553291;0.847995;0.11764;2.9788E-06;495;0.7691453905;0.7787213318;0.9432962083;0.9157082197;0.2682482457;0.1485678835;0.0286861626;0.0438486176
496;0.564454;0.834353;0.109736;2.70114E-06;496;0.7764443143;0.7866571189;0.9377846235;0.9138460009;0.2519025015;0.1301128351;0.0282740709;0.0428509715
497;0.575664;0.820265;0.102231;2.45031E-06;497;0.7836661558;0.794592906;0.9320030702;0.9119837822;0.2358256213;0.1116577867;0.027900376;0.0418533255
498;0.586913;0.805756;0.095118;2.22363E-06;498;0.7908076724;0.8025286931;0.9259502868;0.9101215634;0.2200521468;0.0932027382;0.0275614902;0.0408556795
499;0.598192;0.790855;0.0883878;2.01869E-06;499;0.7978652253;0.8104644802;0.9196264317;0.9082593447;0.2046129284;0.0747476898;0.0272541427;0.0398580335
500;0.609494;0.775592;0.0820307;1.83335E-06;500;0.8048366453;0.8184002673;0.913031941;0.9063971259;0.1895381946;0.0562926414;0.0269753971;0.0388603874
501;0.62081;0.759996;0.0760363;1.66565E-06;501;0.8117187149;0.8263360544;0.9061667079;0.9045349072;0.1748566317;0.037837593;0.0267225296;0.0378627414
502;0.63213;0.744098;0.070394;1.51387E-06;502;0.8185078355;0.8342718416;0.899031433;0.9026726884;0.1605961333;0.0193825445;0.0264931307;0.0368650954
503;0.643447;0.727928;0.0650921;1.37644E-06;503;0.8252024025;0.8427152441;0.8916263606;0.8877025177;0.1467810549;0.0136232206;0.0262849785;0.0360494135
504;0.654752;0.71152;0.0601187;0.000001252;504;0.831799772;0.8511586466;0.8839536386;0.8727323469;0.1334339301;0.0078638967;0.0260960614;0.0352337315
505;0.666035;0.694904;0.0554616;1.13914E-06;505;0.8382968997;0.8596020491;0.8760137074;0.8577621761;0.120574802;0.0021045727;0.0259245691;0.0344180496
506;0.677289;0.678112;0.0511079;1.03689E-06;506;0.8446926229;0.8680454516;0.8678081172;0.8427920054;0.1082196469;-0.0036547512;0.025768883;0.0336023677
507;0.688502;0.661176;0.0470448;9.44157E-07;507;0.8509830787;0.8764888542;0.8593386894;0.8278218346;0.0963821722;-0.0094140752;0.0256274836;0.0327866857
508;0.699668;0.644128;0.0432591;0.00000086;508;0.8571679251;0.8849322567;0.8506075933;0.8128516638;0.0850720665;-0.0151733991;0.0254990461;0.0319710038
509;0.710776;0.626998;0.0397376;7.83693E-07;509;0.86324414;0.8933756592;0.8416163687;0.7978814931;0.0742958456;-0.0209327231;0.0253823483;0.0311553219
510;0.721818;0.609818;0.0364671;7.14386E-07;510;0.8692104771;0.9018190617;0.832368065;0.7829113223;0.0640566435;-0.026692047;0.0252762897;0.0303396399
511;0.732784;0.592615;0.0334343;6.51444E-07;511;0.875064703;0.9102624643;0.8228635608;0.7679411516;0.0543537196;-0.032451371;0.0251798766;0.029523958
512;0.743665;0.575421;0.0306262;5.9426E-07;512;0.880805224;0.9187058668;0.813107052;0.7529709808;0.0451836211;-0.0382106949;0.0250922051;0.0287082761
513;0.754452;0.558261;0.0280299;5.42288E-07;513;0.8864305268;0.9271492693;0.8030994548;0.73800081;0.0365395286;-0.0439700188;0.0250124595;0.0278925941
514;0.765135;0.541164;0.0256329;0.000000495;514;0.8919386567;0.9355926718;0.7928446504;0.7230306393;0.0284122763;-0.0497293428;0.0249399058;0.0270769122
515;0.775705;0.524156;0.0234228;4.52064E-07;515;0.8973282515;0.9440360744;0.7823455653;0.7080604685;0.0207894319;-0.0554886667;0.0248738735;0.0262612303
516;0.786154;0.50726;0.0213877;0.000000413;516;0.9025985047;0.9524794769;0.7716040441;0.6930902977;0.0136567783;-0.0612479907;0.0248137571;0.0254455484
517;0.79647;0.4905;0.019516;3.77379E-07;517;0.9077466489;0.9538771393;0.7606233589;0.6749088378;0.0069978063;-0.061260711;0.0247590145;0.0254712767
518;0.806646;0.473898;0.0177967;0.000000345;518;0.9127724746;0.9552748018;0.7494063894;0.6567273779;0.000794981;-0.0612734314;0.0247091462;0.0254970051
519;0.816671;0.457475;0.0162192;3.15469E-07;519;0.917673817;0.9566724642;0.7379562743;0.638545918;-0.0049707294;-0.0612861518;0.0246637051;0.0255227335
520;0.826536;0.441251;0.0147734;2.88583E-07;520;0.9224495379;0.9580701267;0.7262764552;0.6203644581;-0.0103192572;-0.0612988721;0.0246222871;0.0255484619
521;0.836232;0.425244;0.0134495;2.64078E-07;521;0.9270985158;0.9594677891;0.7143699691;0.6021829982;-0.0152719373;-0.0613115925;0.0245845225;0.0255741902
522;0.845749;0.40947;0.0122384;2.41736E-07;522;0.9316191673;0.9608654516;0.7022393684;0.5840015383;-0.0198497771;-0.0613243129;0.0245500792;0.0255999186
523;0.855078;0.393945;0.0111316;2.21359E-07;523;0.936010399;0.962263114;0.6898882437;0.5658200784;-0.0240735583;-0.0613370332;0.0245186552;0.025625647
524;0.864209;0.378684;0.0101209;2.02767E-07;524;0.9402706513;0.9636607764;0.6773205558;0.5476386185;-0.0279647471;-0.0613497536;0.0244899755;0.0256513754
525;0.873132;0.3637;0.00919868;1.85799E-07;525;0.9443983727;0.9650584389;0.6645398087;0.5294571586;-0.0315442144;-0.061362474;0.024463794;0.0256771037
526;0.881838;0.349005;0.00835782;1.70307E-07;526;0.9483924697;0.9664561013;0.6515498335;0.5112756987;-0.0348323288;-0.0613751943;0.0244398841;0.0257028321
527;0.890318;0.334609;0.00759166;1.56158E-07;527;0.9522518289;0.9678537638;0.6383538816;0.4930942387;-0.0378489205;-0.0613879147;0.0244180422;0.0257285605
528;0.898561;0.320522;0.00689401;1.43232E-07;528;0.9559744118;0.9692514262;0.6249564105;0.4749127788;-0.040613069;-0.0614006351;0.0243980841;0.0257542889
529;0.906558;0.306753;0.0062591;1.31418E-07;529;0.9595590692;0.9706490887;0.6113622681;0.4567313189;-0.0431431424;-0.0614133555;0.0243798396;0.0257800172
530;0.914299;0.293309;0.0056816;1.20618E-07;530;0.9630041712;0.9720467511;0.5975756662;0.438549859;-0.0454565787;-0.0614260758;0.0243631582;0.0258057456
531;0.921776;0.280198;0.00515657;1.10742E-07;531;0.9663089387;0.9734444136;0.5836032485;0.4203683991;-0.0475699593;-0.0614387962;0.0243479017;0.025831474
532;0.928977;0.267424;0.00467946;1.01706E-07;532;0.9694707823;0.974842076;0.5694488626;0.4021869392;-0.0494988996;-0.0614515166;0.0243339408;0.0258572024
533;0.935893;0.254993;0.00424606;9.34378E-08;533;0.9724883975;0.9762397384;0.5551199526;0.3840054793;-0.0512581547;-0.0614642369;0.0243211645;0.0258829308
534;0.942515;0.24291;0.0038525;8.58687E-08;534;0.9753604199;0.9776374009;0.540624556;0.3658240194;-0.0528615365;-0.0614769573;0.0243094671;0.0259086591
535;0.948832;0.231176;0.00349524;7.89378E-08;535;0.9780845593;0.9790350633;0.5259674854;0.3476425595;-0.0543218816;-0.0614896777;0.0242987548;0.0259343875
536;0.954836;0.219796;0.00317102;7.2589E-08;536;0.9806597567;0.9804327258;0.5111601499;0.3294610996;-0.0556511929;-0.061502398;0.0242889412;0.0259601159
537;0.960517;0.20877;0.00287686;6.67716E-08;537;0.9830840151;0.9818303882;0.4962093999;0.3112796397;-0.0568605873;-0.0615151184;0.0242799482;0.0259858443
538;0.965865;0.1981;0.00261002;6.14395E-08;538;0.9853552628;0.9832280507;0.4811264714;0.2930981798;-0.0579604145;-0.0615278388;0.0242717048;0.0260115726
539;0.97087;0.187786;0.002368;5.65507E-08;539;0.9874713461;0.9846257131;0.4659217833;0.2749167198;-0.0589602191;-0.0615405591;0.0242641461;0.026037301
540;0.975524;0.177829;0.00214854;5.20668E-08;540;0.9894308619;0.9860233756;0.4506092773;0.2567352599;-0.0598687073;-0.0615532795;0.0242572129;0.0260630294
541;0.979816;0.168228;0.00194956;0.000000048;541;0.9912310416;0.987421038;0.4352020836;0.2385538;-0.060693968;-0.0615659999;0.0242508517;0.0260887578
542;0.983739;0.15898;0.00176915;4.41777E-08;542;0.992870687;0.9888187004;0.4197120957;0.2203723401;-0.0614434912;-0.0615787202;0.0242450134;0.0261144861
543;0.987281;0.150085;0.0016056;4.07119E-08;543;0.9943463919;0.9902163629;0.4041583981;0.2021908802;-0.0621240248;-0.0615914406;0.0242396535;0.0261402145
544;0.990436;0.141539;0.00145733;3.75293E-08;544;0.9956571283;0.9916140253;0.3885555816;0.1840094203;-0.0627418487;-0.061604161;0.0242347313;0.0261659429
545;0.993193;0.13334;0.00132292;3.46058E-08;545;0.9967996528;0.9930116878;0.3729240935;0.1658279604;-0.0633026369;-0.0616168813;0.0242302096;0.0261916713
546;0.995545;0.125484;0.00120108;3.19195E-08;546;0.9977722403;0.9944093502;0.3572831382;0.1476465005;-0.0638115713;-0.0616296017;0.0242260547;0.0262173996
547;0.997484;0.117966;0.00109063;2.94504E-08;547;0.9985725967;0.9958070127;0.3416521563;0.1294650406;-0.0642734155;-0.0616423221;0.0242222355;0.026243128
548;0.999;0.110781;0.000990494;2.71803E-08;548;0.9991974429;0.9972046751;0.3260527547;0.1112835807;-0.0646925327;-0.0616550424;0.024218724;0.0262688564
549;1.00009;0.103925;0.000899708;2.50925E-08;549;0.9996462138;0.9986023376;0.3105111624;0.0931021208;-0.0650728457;-0.0616677628;0.0242154944;0.0262945848
550;1.00074;0.0973914;0.000817393;2.31718E-08;550;0.9999136339;1;0.2950501626;0.0749206609;-0.0654179446;-0.0616804832;0.0242125232;0.0263203132
551;1.00095;0.0911733;0.00074275;2.14043E-08;551;1;0.9973780268;0.27969368;0.0708891034;-0.0657311029;-0.0619212767;0.0242097889;0.0264617973
552;1.0007;0.085264;0.000675058;1.97773E-08;552;0.9998971815;0.9947560535;0.2644679685;0.0668575459;-0.0660152833;-0.0621620703;0.0242072719;0.0266032815
553;1.00001;0.0796563;0.000613662;1.82792E-08;553;0.9996132904;0.9921340803;0.2493998018;0.0628259885;-0.066273184;-0.0624028638;0.0242049543;0.0267447657
554;0.998849;0.0743422;0.00055797;1.68994E-08;554;0.9991352413;0.989512107;0.2345153043;0.058794431;-0.0665072494;-0.0626436574;0.0242028196;0.0268862499
555;0.997224;0.0693136;0.000507443;1.56281E-08;555;0.998465353;0.9868901338;0.219841487;0.0547628735;-0.0667197101;-0.0628844509;0.0242008528;0.0270277341
556;0.99513;0.0645618;0.000461597;1.44566E-08;556;0.9976007717;0.9842681606;0.2054045031;0.0507313161;-0.0669125725;-0.0631252444;0.0241990403;0.0271692182
557;0.992562;0.060078;0.000419989;1.33766E-08;557;0.996538396;0.9816461873;0.1912307135;0.0466997586;-0.0670876768;-0.063366038;0.0241973693;0.0273107024
558;0.989518;0.0558531;0.000382223;1.23807E-08;558;0.9952761092;0.9790242141;0.1773457271;0.0426682011;-0.0672466699;-0.0636068315;0.0241958285;0.0274521866
559;0.985995;0.0518775;0.000347937;1.14622E-08;559;0.993811119;0.9764022408;0.1637732498;0.0386366437;-0.0673910599;-0.0638476251;0.0241944074;0.0275936708
560;0.981992;0.0481418;0.000316804;1.06147E-08;560;0.9921411937;0.9737802676;0.1505369847;0.0346050862;-0.0675222109;-0.0640884186;0.0241930961;0.027735155
561;0.977509;0.0446362;0.000288529;9.83256E-09;561;0.9902642463;0.9711582943;0.1376581853;0.0305735288;-0.0676413546;-0.0643292122;0.0241918859;0.0278766392
562;0.972546;0.0413509;0.000262844;9.11054E-09;562;0.9881779109;0.9685363211;0.1251565895;0.0265419713;-0.0677496114;-0.0645700057;0.0241907687;0.0280181233
563;0.967104;0.0382762;0.000239507;8.44382E-09;563;0.9858799562;0.9659143479;0.1130504539;0.0225104138;-0.067847994;-0.0648107993;0.0241897371;0.0281596075
564;0.961185;0.0354023;0.000218299;7.828E-09;564;0.9833682848;0.9632923746;0.1013554234;0.0184788564;-0.0679374195;-0.0650515928;0.0241887843;0.0283010917
565;0.954793;0.0327193;0.00019902;7.25905E-09;565;0.9806413615;0.9606704014;0.0900841023;0.0144472989;-0.0680187263;-0.0652923863;0.0241879039;0.0284425759
566;0.947932;0.0302177;0.000181493;6.73323E-09;566;0.9776973679;0.9580484281;0.0792478384;0.0104157414;-0.0680926567;-0.0655331799;0.0241870903;0.0285840601
567;0.940607;0.0278879;0.000165553;6.24717E-09;567;0.9745346279;0.9554264549;0.0688543942;0.006384184;-0.0681599033;-0.0657739734;0.0241863382;0.0287255443
568;0.932824;0.0257206;0.000151054;5.79772E-09;568;0.9711516131;0.9528044817;0.0589094464;0.0023526265;-0.0682210793;-0.066014767;0.0241856427;0.0288670284
569;0.924589;0.0237068;0.000137861;5.38202E-09;569;0.9675465116;0.9501825084;0.0494165137;-0.001678931;-0.0682767519;-0.0662555605;0.0241849995;0.0290085126
570;0.915912;0.0218375;0.000125856;0.000000005;570;0.963718991;0.9475605352;0.0403754493;-0.0057104884;-0.0683274171;-0.0664963541;0.0241844044;0.0291499968
571;0.906802;0.0201042;0.000114927;4.64152E-09;571;0.959668031;0.9449385619;0.0317847667;-0.0097420459;-0.0683735461;-0.0667371476;0.0241838537;0.029291481
572;0.897268;0.0184986;0.000104976;4.31207E-09;572;0.9553923532;0.9423165887;0.0236402562;-0.0137736033;-0.0684155512;-0.0669779412;0.0241833439;0.0294329652
573;0.887321;0.0170126;9.59129E-05;0.000000004;573;0.9508913257;0.9396946154;0.015934999;-0.0178051608;-0.0684538116;-0.0672187347;0.0241828719;0.0295744493
574;0.876975;0.0156386;8.76566E-05;3.72454E-09;574;0.9461654612;0.9370726422;0.0086610252;-0.0218367183;-0.0684886689;-0.0674595282;0.0241824347;0.0297159335
575;0.866242;0.0143692;8.01332E-05;3.46283E-09;575;0.9412141674;0.934450669;0.0018079234;-0.0258682757;-0.0685204342;-0.0677003218;0.0241820297;0.0298574177
576;0.855136;0.0131975;7.32759E-05;3.22033E-09;576;0.9360375773;0.9318286957;-0.0046353831;-0.0298998332;-0.068549389;-0.0679411153;0.0241816545;0.0299989019
577;0.843672;0.0121166;6.70241E-05;0.000000003;577;0.9306361276;0.9292067225;-0.0106831738;-0.0339313907;-0.0685757887;-0.0681819089;0.0241813067;0.0301403861
578;0.831865;0.0111204;6.13228E-05;2.78718E-09;578;0.9250101119;0.9265847492;-0.0163482821;-0.0379629481;-0.0685998651;-0.0684227024;0.0241809842;0.0302818703
579;0.819732;0.0102028;0.000056122;2.59395E-09;579;0.9191606575;0.923962776;-0.0216463094;-0.0419945056;-0.068621829;-0.068663496;0.0241806852;0.0304233544
580;0.80729;0.00935821;5.13767E-05;2.4147E-09;580;0.9130888119;0.9213408028;-0.0265925253;-0.0460260631;-0.0686418701;-0.0689042895;0.0241804078;0.0305648386
581;0.794558;0.0085812;4.70457E-05;2.2484E-09;581;0.9067965505;0.9187188295;-0.0312036471;-0.0500576205;-0.0686601623;-0.069145083;0.0241801505;0.0307063228
582;0.781552;0.00786682;4.30919E-05;2.09406E-09;582;0.9002843366;0.9160968563;-0.0354957328;-0.054089178;-0.068676862;-0.0693858766;0.0241799117;0.030847807
583;0.768292;0.00721035;3.94814E-05;0.000000002;583;0.8935546152;0.913474883;-0.0394854214;-0.0581207354;-0.0686921122;-0.0696266701;0.02417969;0.0309892912
584;0.754798;0.00660741;3.61834E-05;1.81777E-09;584;0.8866098973;0.9108529098;-0.0431890635;-0.0621522929;-0.0687060429;-0.0698674637;0.0241794841;0.0311307754
585;0.741088;0.00605386;3.31702E-05;1.69423E-09;585;0.8794517344;0.9082309365;-0.0466231254;-0.0661838504;-0.068718771;-0.0701082572;0.0241792929;0.0312722595
586;0.727183;0.00554589;3.04163E-05;1.57946E-09;586;0.8720833359;0.9056089633;-0.0498034441;-0.0702154078;-0.0687304041;-0.0703490508;0.0241791153;0.0314137437
587;0.713102;0.00507992;2.78989E-05;1.47281E-09;587;0.864507005;0.9029869901;-0.0527456686;-0.0742469653;-0.0687410384;-0.0705898443;0.0241789503;0.0315552279
588;0.698866;0.00465263;2.55969E-05;1.3737E-09;588;0.8567262905;0.9003650168;-0.0554649135;-0.0782785228;-0.068750763;-0.0708306379;0.0241787969;0.0316967121
589;0.684496;0.00426092;2.34913E-05;1.28156E-09;589;0.8487449873;0.8977430436;-0.0579758652;-0.0823100802;-0.0687596581;-0.0710714314;0.0241786544;0.0318381963
590;0.67001;0.00390195;2.15649E-05;1.19588E-09;590;0.8405654674;0.8951210703;-0.0602923933;-0.0863416377;-0.0687677963;-0.0713122249;0.0241785218;0.0319796805
591;0.655429;0.00357306;1.98019E-05;1.11619E-09;591;0.8321920503;0.8924990971;-0.0624279438;-0.0903731951;-0.0687752444;-0.0715530185;0.0241783985;0.0321211646
592;0.640773;0.0032718;1.81881E-05;0.000000001;592;0.8236288323;0.8898771239;-0.064395242;-0.0944047526;-0.0687820622;-0.071793812;0.0241782837;0.0322626488
593;0.626061;0.0029959;1.67103E-05;0.000000001;593;0.8148796811;0.8838529712;-0.0662063931;-0.0934943048;-0.0687883056;-0.0710482163;0.024178177;0.0324149217
594;0.611313;0.00274329;1.53569E-05;9.08851E-10;594;0.8059494507;0.8778288185;-0.0678726678;-0.0925838569;-0.0687940235;-0.0703026205;0.0241780776;0.0325671946
595;0.596547;0.00251202;1.41169E-05;8.49072E-10;595;0.7968422183;0.8718046658;-0.0694049564;-0.0916734091;-0.0687992623;-0.0695570248;0.0241779851;0.0327194676
596;0.581782;0.00230032;1.29805E-05;7.93407E-10;596;0.7875631225;0.8657805131;-0.0708133114;-0.0907629613;-0.0688040635;-0.0688114291;0.024177899;0.0328717405
597;0.567036;0.00210657;1.19389E-05;7.41559E-10;597;0.7781171821;0.8597563604;-0.0721070883;-0.0898525135;-0.0688084643;-0.0680658333;0.0241778187;0.0330240134
598;0.552325;0.00192924;1.09838E-05;6.93256E-10;598;0.76850863;0.8537322077;-0.0732952999;-0.0889420656;-0.0688124996;-0.0673202376;0.024177744;0.0331762863
599;0.537667;0.00176697;1.01079E-05;6.48245E-10;599;0.7587435295;0.847708055;-0.0743860406;-0.0880316178;-0.0688162003;-0.0665746418;0.0241776743;0.0333285592
600;0.523078;0.00161848;9.30429E-06;6.06292E-10;600;0.7488272177;0.8416839024;-0.0753870532;-0.08712117;-0.0688195956;-0.0658290461;0.0241776094;0.0334808321
601;0.508572;0.00148261;8.56687E-06;5.6718E-10;601;0.7387642288;0.8356597497;-0.0763054305;-0.0862107221;-0.0688227113;-0.0650834503;0.0241775489;0.0336331051
602;0.494166;0.00135828;0.00000789;5.30709E-10;602;0.7285617845;0.829635597;-0.0771478595;-0.0853002743;-0.0688255711;-0.0643378546;0.0241774924;0.033785378
603;0.479873;0.00124452;7.26856E-06;4.96693E-10;603;0.7182249614;0.8236114443;-0.0779203961;-0.0843898265;-0.0688281968;-0.0635922588;0.0241774398;0.0339376509
604;0.465707;0.00114042;6.69783E-06;4.64959E-10;604;0.7077601822;0.8175872916;-0.0786287846;-0.0834793786;-0.0688306083;-0.0628466631;0.0241773907;0.0340899238
605;0.45168;0.00104517;6.17354E-06;4.35347E-10;605;0.6971730652;0.8115631389;-0.0792781708;-0.0825689308;-0.0688328235;-0.0621010673;0.0241773449;0.0342421967
606;0.437803;0.000958004;5.69179E-06;4.0771E-10;606;0.6864691023;0.8055389862;-0.0798734686;-0.081658483;-0.068834859;-0.0613554716;0.0241773021;0.0343944696
607;0.42409;0.000878234;0.000005249;3.8191E-10;607;0.6756568197;0.7995148336;-0.0804191178;-0.0807480351;-0.0688367298;-0.0606098758;0.0241772622;0.0345467426
608;0.410549;0.000805228;4.84194E-06;3.57819E-10;608;0.6647407688;0.7934906809;-0.0809192236;-0.0798375873;-0.0688384498;-0.0598642801;0.0241772249;0.0346990155
609;0.397192;0.000738407;4.4676E-06;3.3532E-10;609;0.6537293851;0.7874665282;-0.0813775694;-0.0789271395;-0.0688400315;-0.0591186843;0.0241771901;0.0348512884
610;0.384026;0.000677242;4.12327E-06;3.14303E-10;610;0.6426277424;0.7814423755;-0.08179763;-0.0780166916;-0.0688414864;-0.0583730886;0.0241771575;0.0350035613
611;0.371062;0.000621248;3.80646E-06;2.94665E-10;611;0.6314449876;0.7754182228;-0.0821826071;-0.0771062438;-0.068842825;-0.0576274929;0.0241771272;0.0351558342
612;0.358305;0.000569983;3.51489E-06;2.76312E-10;612;0.6201858655;0.7693940701;-0.0825354315;-0.076195796;-0.068844057;-0.0568818971;0.0241770988;0.0353081071
613;0.345765;0.000523043;3.24649E-06;2.59157E-10;613;0.6088602179;0.7633699174;-0.0828587925;-0.0752853481;-0.0688451911;-0.0561363014;0.0241770722;0.03546038
614;0.333446;0.000480056;2.99935E-06;2.43118E-10;614;0.5974732745;0.7573457648;-0.0831551764;-0.0743749003;-0.0688462353;-0.0553907056;0.0241770474;0.035612653
615;0.321357;0.000440685;2.77172E-06;2.28119E-10;615;0.5860355944;0.7513216121;-0.0834268428;-0.0734644525;-0.0688471971;-0.0546451099;0.0241770242;0.0357649259
616;0.3095;0.00040462;0.000002562;2.14089E-10;616;0.5745519128;0.7452974594;-0.0836758769;-0.0725540047;-0.0688480832;-0.0538995141;0.0241770025;0.0359171988
617;0.297883;0.00037158;2.36878E-06;2.00964E-10;617;0.5630334404;0.7392733067;-0.0839041739;-0.0716435568;-0.0688488997;-0.0531539184;0.0241769822;0.0360694717
618;0.286509;0.000341305;2.19066E-06;1.88681E-10;618;0.551487312;0.733249154;-0.0841134925;-0.070733109;-0.0688496523;-0.0524083226;0.0241769631;0.0362217446
619;0.275382;0.000313561;2.02645E-06;1.77186E-10;619;0.539922352;0.7272250013;-0.0843054186;-0.0698226612;-0.0688503462;-0.0516627269;0.0241769454;0.0363740175
620;0.264506;0.000288131;0.000001875;1.66425E-10;620;0.5283481628;0.7212008486;-0.0844814268;-0.0689122133;-0.0688509861;-0.0509171311;0.0241769287;0.0365262905
621;0.253882;0.000264818;1.73531E-06;1.56349E-10;621;0.5167718615;0.7151766959;-0.0846428581;-0.0680017655;-0.0688515763;-0.0501715354;0.0241769131;0.0366785634
622;0.243515;0.000243442;1.60642E-06;1.46912E-10;622;0.5052056342;0.7091525433;-0.0847909402;-0.0670913177;-0.068852121;-0.0494259396;0.0241768985;0.0368308363
623;0.233406;0.000223839;1.48747E-06;1.38073E-10;623;0.4936580543;0.6927129033;-0.0849267932;-0.0649528444;-0.0688526236;-0.0470176728;0.0241768848;0.0339345019
624;0.223557;0.000205859;1.37766E-06;1.29791E-10;624;0.4821395004;0.6762732633;-0.0850514435;-0.0628143712;-0.0688530876;-0.044609406;0.024176872;0.0310381674
625;0.213968;0.000189364;1.27627E-06;1.2203E-10;625;0.4706586884;0.6598336233;-0.0851658366;-0.060675898;-0.068853516;-0.0422011392;0.02417686;0.028141833
626;0.204642;0.000174229;1.18263E-06;1.14756E-10;626;0.4592286162;0.6433939834;-0.08527083;-0.0585374248;-0.0688539116;-0.0397928724;0.0241768487;0.0252454986
627;0.195578;0.000160338;1.09612E-06;1.07936E-10;627;0.447858135;0.6269543434;-0.0853672205;-0.0563989515;-0.0688542772;-0.0373846056;0.0241768382;0.0223491641
628;0.186777;0.000147588;1.01618E-06;1.01542E-10;628;0.4365591803;0.6105147034;-0.0854557162;-0.0542604783;-0.068854615;-0.0349763387;0.0241768283;0.0194528297
629;0.178238;0.000135882;9.42302E-07;9.5545E-11;629;0.4253417668;0.5940750634;-0.0855369848;-0.0521220051;-0.0688549271;-0.0325680719;0.024176819;0.0165564953
630;0.169961;0.000125132;0.000000874;8.99196E-11;630;0.414217776;0.5776354234;-0.0856116325;-0.0499835318;-0.0688552157;-0.0301598051;0.0241768103;0.0136601608
631;0.161946;0.000115258;8.10842E-07;8.46416E-11;631;0.4031997244;0.5611957835;-0.0856802109;-0.0478450586;-0.0688554826;-0.0277515383;0.0241768021;0.0107638264
632;0.15419;0.000106187;7.52425E-07;7.96887E-11;632;0.3922965026;0.5447561435;-0.0857432237;-0.0457065854;-0.0688557294;-0.0253432715;0.0241767945;0.007867492
633;0.146693;9.78523E-05;6.9838E-07;7.50399E-11;633;0.3815216191;0.5283165035;-0.0858011313;-0.0435681122;-0.0688559578;-0.0229350046;0.0241767873;0.0049711575
634;0.139453;9.01921E-05;6.48369E-07;7.06757E-11;634;0.3708862402;0.5118768635;-0.0858543609;-0.0414296389;-0.0688561691;-0.0205267378;0.0241767805;0.0020748231
635;0.132468;8.31505E-05;6.02079E-07;6.65779E-11;635;0.3604018931;0.4954372236;-0.0859032989;-0.0392911657;-0.0688563647;-0.018118471;0.0241767742;-0.0008215113
636;0.125735;0.000076676;5.59224E-07;6.27294E-11;636;0.3500788977;0.4799494758;-0.0859483015;-0.0383485591;-0.0688565458;-0.0174779652;0.0241767682;-0.0013424967
637;0.119252;7.07218E-05;5.19539E-07;5.91145E-11;637;0.3399293447;0.464461728;-0.0859896926;-0.0374059525;-0.0688567135;-0.0168374594;0.0241767626;-0.001863482
638;0.113014;6.52448E-05;4.82781E-07;5.57182E-11;638;0.3299607723;0.4489739802;-0.0860277705;-0.0364633459;-0.0688568688;-0.0161969537;0.0241767574;-0.0023844673
639;0.107021;6.02057E-05;4.48726E-07;5.25268E-11;639;0.3201888224;0.4334862325;-0.0860628076;-0.0355207392;-0.0688570127;-0.0155564479;0.0241767524;-0.0029054526
640;0.101266;5.55684E-05;4.17168E-07;4.95274E-11;640;0.3106178642;0.4179984847;-0.086095054;-0.0345781326;-0.068857146;-0.0149159421;0.0241767478;-0.003426438
641;0.0957475;5.13001E-05;3.87918E-07;4.67077E-11;641;0.3012612176;0.4025107369;-0.086124737;-0.033635526;-0.0688572696;-0.0142754363;0.0241767434;-0.0039474233
642;0.0904602;4.73705E-05;3.608E-07;4.40567E-11;642;0.2921257833;0.3870229891;-0.0861520667;-0.0326929194;-0.0688573842;-0.0136349305;0.0241767393;-0.0044684086
643;0.0853999;4.37518E-05;3.35653E-07;4.15636E-11;643;0.2832200904;0.3715352414;-0.086177236;-0.0317503128;-0.0688574905;-0.0129944248;0.0241767355;-0.004989394
644;0.080562;4.04189E-05;3.12328E-07;3.92187E-11;644;0.2745517185;0.3560474936;-0.086200419;-0.0308077062;-0.068857589;-0.012353919;0.0241767319;-0.0055103793
645;0.0759414;3.73483E-05;2.90689E-07;3.70128E-11;645;0.2661270066;0.3405597458;-0.0862217789;-0.0298650996;-0.0688576805;-0.0117134132;0.0241767284;-0.0060313646
646;0.071533;3.45189E-05;2.70609E-07;3.49372E-11;646;0.2579518685;0.325071998;-0.086241462;-0.0289224929;-0.0688577653;-0.0110729074;0.0241767252;-0.0065523499
647;0.0673316;3.19111E-05;0.000000252;3.29839E-11;647;0.2500315617;0.3095842503;-0.0862596044;-0.0279798863;-0.0688578441;-0.0104324016;0.0241767222;-0.0070733353
648;0.0633315;0.000029507;2.3467E-07;3.11454E-11;648;0.242369862;0.2940965025;-0.0862763306;-0.0270372797;-0.0688579172;-0.0097918958;0.0241767194;-0.0075943206
649;0.0595271;2.72903E-05;2.18604E-07;2.94145E-11;649;0.2349701294;0.2786087547;-0.0862917536;-0.0260946731;-0.0688579851;-0.0091513901;0.0241767167;-0.0081153059
650;0.0559126;2.52458E-05;2.03682E-07;2.77847E-11;650;0.2278346951;0.2631210069;-0.0863059791;-0.0251520665;-0.0688580481;-0.0085108843;0.0241767142;-0.0086362912
651;0.052482;2.33597E-05;1.89819E-07;2.62498E-11;651;0.2209648056;0.2476332592;-0.0863191029;-0.0242094599;-0.0688581067;-0.0078703785;0.0241767118;-0.0091572766
652;0.0492292;2.16195E-05;1.76939E-07;2.4804E-11;652;0.2143607763;0.2321455114;-0.086331212;-0.0232668533;-0.0688581611;-0.0072298727;0.0241767095;-0.0096782619
653;0.0461481;2.00134E-05;0.000000165;2.34419E-11;653;0.2080221682;0.2166577636;-0.0863423883;-0.0223242466;-0.0688582117;-0.0065893669;0.0241767074;-0.0101992472
654;0.0432326;1.85308E-05;1.53839E-07;2.21584E-11;654;0.2019477751;0.2011700158;-0.0863527056;-0.02138164;-0.0688582587;-0.0059488612;0.0241767055;-0.0107202325
655;0.0404765;1.71619E-05;1.43492E-07;2.09488E-11;655;0.1961354044;0.1856822681;-0.0863622318;-0.0204390334;-0.0688583024;-0.0053083554;0.0241767036;-0.0112412179
656;0.0378735;1.58977E-05;1.33869E-07;1.98087E-11;656;;;;;;;;
657;0.0354174;1.47299E-05;1.24918E-07;1.87337E-11;657;;;;;;;;
658;0.0331021;1.36509E-05;1.1659E-07;1.77202E-11;658;;;;;;;;
659;0.0309215;1.26538E-05;1.08839E-07;1.67642E-11;659;;;;;;;;
660;0.0288695;1.17321E-05;1.01625E-07;1.58625E-11;660;;;;;;;;
661;0.0269402;0.00001088;9.49094E-08;1.50119E-11;661;;;;;;;;
662;0.0251279;1.00919E-05;8.86554E-08;1.42092E-11;662;;;;;;;;
663;0.0234266;9.36305E-06;8.28306E-08;1.34516E-11;663;;;;;;;;
664;0.021831;8.68871E-06;7.74042E-08;1.27366E-11;664;;;;;;;;
665;0.0203355;8.0647E-06;7.23481E-08;1.20615E-11;665;;;;;;;;
666;0.018935;7.48714E-06;6.76359E-08;1.14241E-11;666;;;;;;;;
667;0.0176242;6.95245E-06;6.32434E-08;1.08221E-11;667;;;;;;;;
668;0.0163983;6.45734E-06;5.91481E-08;1.02536E-11;668;;;;;;;;
669;0.0152525;5.99879E-06;5.5329E-08;9.71641E-12;669;;;;;;;;
670;0.0141823;0.000005574;5.17668E-08;9.20889E-12;670;;;;;;;;
671;0.0131832;5.18039E-06;4.84435E-08;8.72926E-12;671;;;;;;;;
672;0.012251;4.81562E-06;4.53425E-08;8.27594E-12;672;;;;;;;;
673;0.0113818;4.47748E-06;4.24484E-08;7.8474E-12;673;;;;;;;;
674;0.0105717;0.000004164;3.97467E-08;7.44223E-12;674;;;;;;;;
675;0.00981705;3.87322E-06;3.72243E-08;7.05908E-12;675;;;;;;;;
676;0.00911437;3.60354E-06;3.48686E-08;6.69671E-12;676;;;;;;;;
677;0.00846037;3.35333E-06;3.26684E-08;6.35393E-12;677;;;;;;;;
678;0.00785192;3.12116E-06;3.06129E-08;6.02962E-12;678;;;;;;;;
679;0.00728608;2.90566E-06;2.86922E-08;5.72276E-12;679;;;;;;;;
680;0.00676005;2.7056E-06;2.68971E-08;5.43234E-12;680;;;;;;;;
681;0.0062712;2.51984E-06;2.52191E-08;5.15745E-12;681;;;;;;;;
682;0.00581704;2.34732E-06;2.36503E-08;4.89722E-12;682;;;;;;;;
683;0.00539523;2.18705E-06;2.21832E-08;4.65083E-12;683;;;;;;;;
684;0.00500358;2.03815E-06;2.0811E-08;4.41749E-12;684;;;;;;;;
685;0.00464002;1.89977E-06;1.95274E-08;4.1965E-12;685;;;;;;;;
686;0.00430262;1.77114E-06;1.83263E-08;3.98715E-12;686;;;;;;;;
687;0.00398957;1.65156E-06;1.72022E-08;3.78882E-12;687;;;;;;;;
688;0.00369915;1.54036E-06;1.61501E-08;3.60088E-12;688;;;;;;;;
689;0.00342979;1.43693E-06;1.51651E-08;3.42277E-12;689;;;;;;;;
690;0.00318;1.34072E-06;1.42428E-08;3.25395E-12;690;;;;;;;;
691;0.00294838;1.2512E-06;1.3379E-08;3.09391E-12;691;;;;;;;;
692;0.00273365;1.16789E-06;1.25699E-08;2.94217E-12;692;;;;;;;;
693;0.0025346;1.09034E-06;1.18118E-08;2.79828E-12;693;;;;;;;;
694;0.00235009;1.01813E-06;1.11014E-08;2.66181E-12;694;;;;;;;;
695;0.00217909;9.50901E-07;1.04356E-08;2.53236E-12;695;;;;;;;;
696;0.00202061;8.8828E-07;9.81152E-09;2.40955E-12;696;;;;;;;;
697;0.00187374;8.29945E-07;9.22636E-09;2.29302E-12;697;;;;;;;;
698;0.00173765;7.7559E-07;8.67763E-09;2.18244E-12;698;;;;;;;;
699;0.00161154;7.24935E-07;8.16297E-09;2.07749E-12;699;;;;;;;;
700;0.00149468;6.77718E-07;7.68017E-09;1.97786E-12;700;;;;;;;;
701;0.00138641;6.33697E-07;7.22718E-09;1.88327E-12;701;;;;;;;;
702;0.00128608;5.92649E-07;6.80209E-09;1.79346E-12;702;;;;;;;;
703;0.00119311;5.54365E-07;6.40311E-09;1.70816E-12;703;;;;;;;;
704;0.00110697;5.18651E-07;0.000000006;1.62715E-12;704;;;;;;;;
705;0.00102715;4.8533E-07;5.67689E-09;1.5502E-12;705;;;;;;;;
706;0.000953176;4.54235E-07;5.34665E-09;1.47708E-12;706;;;;;;;;
707;0.000884627;4.25211E-07;0.000000005;1.40761E-12;707;;;;;;;;
708;0.000821098;3.98115E-07;4.74509E-09;1.34159E-12;708;;;;;;;;
709;0.00076222;3.72815E-07;4.47131E-09;1.27884E-12;709;;;;;;;;
710;0.000707648;3.49187E-07;4.21404E-09;1.21918E-12;710;;;;;;;;
711;0.000657064;3.27117E-07;0.000000004;1.16247E-12;711;;;;;;;;
712;0.000610172;3.06498E-07;3.74492E-09;1.10854E-12;712;;;;;;;;
713;0.0005667;2.8723E-07;3.5312E-09;1.05726E-12;713;;;;;;;;
714;0.000526395;2.69223E-07;3.33023E-09;1.00848E-12;714;;;;;;;;
715;0.000489023;2.5239E-07;3.1412E-09;9.62077E-13;715;;;;;;;;
716;0.000454366;2.36652E-07;0.000000003;9.17932E-13;716;;;;;;;;
717;0.000422225;2.21935E-07;2.79611E-09;8.75927E-13;717;;;;;;;;
718;0.000392413;2.08171E-07;2.63869E-09;8.35954E-13;718;;;;;;;;
719;0.00036476;1.95295E-07;2.49053E-09;7.97908E-13;719;;;;;;;;
720;0.000339104;1.83247E-07;2.35107E-09;7.61692E-13;720;;;;;;;;
721;0.000315301;0.000000172;2.21978E-09;7.27214E-13;721;;;;;;;;
722;0.000293212;1.61422E-07;2.09615E-09;6.94386E-13;722;;;;;;;;
723;0.000272712;1.51544E-07;0.000000002;6.63124E-13;723;;;;;;;;
724;0.000253685;1.42295E-07;1.87005E-09;6.33351E-13;724;;;;;;;;
725;0.000236022;1.33634E-07;1.76673E-09;6.0499E-13;725;;;;;;;;
726;0.000219623;1.25522E-07;1.66939E-09;5.77973E-13;726;;;;;;;;
727;0.000204396;1.17922E-07;1.57765E-09;5.52231E-13;727;;;;;;;;
728;0.000190255;1.10802E-07;1.49119E-09;5.27703E-13;728;;;;;;;;
729;0.000177121;1.04129E-07;1.40968E-09;5.04326E-13;729;;;;;;;;
730;0.00016492;9.78745E-08;1.33283E-09;4.82045E-13;730;;;;;;;;
731;0.000153584;0.000000092;1.26037E-09;4.60805E-13;731;;;;;;;;
732;0.000143051;8.65142E-08;1.19202E-09;4.40555E-13;732;;;;;;;;
733;0.000133262;8.1359E-08;1.12756E-09;4.21247E-13;733;;;;;;;;
734;0.000124164;7.65238E-08;1.06674E-09;4.02834E-13;734;;;;;;;;
735;0.000115705;0.000000072;0.000000001;3.85273E-13;735;;;;;;;;
736;0.000107841;6.77322E-08;0.000000001;3.68522E-13;736;;;;;;;;
737;0.000100528;6.37385E-08;9.04089E-10;3.52542E-13;737;;;;;;;;
738;9.37264E-05;0.00000006;8.55838E-10;3.37296E-13;738;;;;;;;;
739;8.73996E-05;5.64715E-08;8.10282E-10;3.22747E-13;739;;;;;;;;
740;8.15136E-05;5.3168E-08;7.67265E-10;3.08863E-13;740;;;;;;;;
741;7.60367E-05;5.00658E-08;7.26639E-10;2.95611E-13;741;;;;;;;;
742;7.09397E-05;4.71522E-08;6.88264E-10;2.82961E-13;742;;;;;;;;
743;6.61955E-05;4.44154E-08;6.52012E-10;2.70884E-13;743;;;;;;;;
744;6.17789E-05;4.18441E-08;6.17758E-10;2.59353E-13;744;;;;;;;;
745;5.76667E-05;3.9428E-08;5.85389E-10;2.48342E-13;745;;;;;;;;
746;5.38373E-05;3.71573E-08;5.54797E-10;2.37826E-13;746;;;;;;;;
747;5.02707E-05;0.000000035;5.25878E-10;2.27782E-13;747;;;;;;;;
748;4.69483E-05;0.000000033;4.98538E-10;2.18187E-13;748;;;;;;;;
749;4.38528E-05;3.11298E-08;4.72687E-10;2.09021E-13;749;;;;;;;;
750;4.09683E-05;2.93555E-08;4.4824E-10;2.00262E-13;750;;;;;;;;
751;0.00003828;2.76867E-08;4.25118E-10;1.91892E-13;751;;;;;;;;
752;3.57741E-05;2.61168E-08;4.03245E-10;1.83893E-13;752;;;;;;;;
753;3.34378E-05;2.46397E-08;3.82551E-10;1.76247E-13;753;;;;;;;;
754;3.12594E-05;2.32498E-08;3.6297E-10;1.68939E-13;754;;;;;;;;
755;2.92278E-05;2.19417E-08;3.44439E-10;1.61951E-13;755;;;;;;;;
756;2.73328E-05;2.07103E-08;3.26899E-10;1.5527E-13;756;;;;;;;;
757;2.55649E-05;1.9551E-08;3.10296E-10;1.48881E-13;757;;;;;;;;
758;2.39154E-05;1.84594E-08;2.94576E-10;1.42771E-13;758;;;;;;;;
759;2.23761E-05;1.74314E-08;2.79691E-10;1.36927E-13;759;;;;;;;;
760;2.09393E-05;1.64631E-08;2.65594E-10;1.31336E-13;760;;;;;;;;
761;0.000019598;1.5551E-08;2.52242E-10;1.25987E-13;761;;;;;;;;
762;1.83457E-05;1.46915E-08;2.39594E-10;1.2087E-13;762;;;;;;;;
763;1.71762E-05;1.38817E-08;2.27611E-10;1.15973E-13;763;;;;;;;;
764;0.000016084;1.31184E-08;2.16256E-10;1.11286E-13;764;;;;;;;;
765;1.50637E-05;1.23989E-08;2.05495E-10;1.068E-13;765;;;;;;;;
766;1.41104E-05;1.17206E-08;1.95295E-10;1.02506E-13;766;;;;;;;;
767;1.32197E-05;1.10811E-08;1.85627E-10;9.83955E-14;767;;;;;;;;
768;1.23871E-05;1.0478E-08;1.7646E-10;9.44597E-14;768;;;;;;;;
769;0.000011609;9.9091E-09;1.67768E-10;9.06909E-14;769;;;;;;;;
770;1.08814E-05;9.37249E-09;1.59526E-10;8.70817E-14;770;;;;;;;;
771;1.02012E-05;8.86621E-09;1.51708E-10;8.3625E-14;771;;;;;;;;
772;0.000009565;8.38849E-09;1.44292E-10;8.03139E-14;772;;;;;;;;
773;8.96992E-06;7.93764E-09;1.37256E-10;7.71419E-14;773;;;;;;;;
774;8.41323E-06;7.5121E-09;1.3058E-10;7.4103E-14;774;;;;;;;;
775;7.89236E-06;7.11038E-09;1.24245E-10;7.11911E-14;775;;;;;;;;
776;7.40493E-06;6.7311E-09;1.18232E-10;6.84008E-14;776;;;;;;;;
777;6.94872E-06;6.37295E-09;1.12525E-10;6.57265E-14;777;;;;;;;;
778;6.52165E-06;0.000000006;1.07107E-10;6.31633E-14;778;;;;;;;;
779;6.1218E-06;5.7152E-09;1.01962E-10;6.07063E-14;779;;;;;;;;
780;5.74738E-06;5.41338E-09;9.70774E-11;5.83508E-14;780;;;;;;;;
781;5.39671E-06;5.12821E-09;9.24381E-11;5.60923E-14;781;;;;;;;;
782;5.06824E-06;4.85873E-09;8.80314E-11;5.39267E-14;782;;;;;;;;
783;4.76051E-06;4.60404E-09;8.38454E-11;5.185E-14;783;;;;;;;;
784;4.47216E-06;4.36331E-09;7.98682E-11;4.98582E-14;784;;;;;;;;
785;4.20194E-06;4.13573E-09;7.60892E-11;4.79477E-14;785;;;;;;;;
786;3.94866E-06;3.92055E-09;7.24979E-11;4.6115E-14;786;;;;;;;;
787;3.71122E-06;3.71708E-09;6.90846E-11;4.43567E-14;787;;;;;;;;
788;3.4886E-06;3.52464E-09;6.58401E-11;4.26697E-14;788;;;;;;;;
789;3.27984E-06;3.34261E-09;6.27556E-11;4.10509E-14;789;;;;;;;;
790;3.08405E-06;3.17041E-09;5.98228E-11;3.94974E-14;790;;;;;;;;
791;2.90039E-06;0.000000003;5.70341E-11;3.80063E-14;791;;;;;;;;
792;2.72809E-06;2.85331E-09;5.43818E-11;3.65751E-14;792;;;;;;;;
793;2.56641E-06;2.7074E-09;5.18592E-11;3.52012E-14;793;;;;;;;;
794;2.41468E-06;2.56929E-09;4.94595E-11;3.38822E-14;794;;;;;;;;
795;2.27226E-06;2.43854E-09;4.71764E-11;3.26158E-14;795;;;;;;;;
796;2.13857E-06;2.31476E-09;4.50041E-11;3.13997E-14;796;;;;;;;;
797;2.01305E-06;2.19754E-09;4.29369E-11;3.02318E-14;797;;;;;;;;
798;1.89517E-06;2.08653E-09;4.09694E-11;2.91101E-14;798;;;;;;;;
799;1.78447E-06;0.000000002;3.90968E-11;2.80327E-14;799;;;;;;;;
800;1.68048E-06;1.88179E-09;3.7314E-11;2.69977E-14;800;;;;;;;;
801;1.58279E-06;1.78742E-09;3.56167E-11;2.60034E-14;801;;;;;;;;
802;0.000001491;1.698E-09;3.40006E-11;2.5048E-14;802;;;;;;;;
803;1.40474E-06;1.61327E-09;3.24615E-11;2.413E-14;803;;;;;;;;
804;1.32366E-06;1.53296E-09;3.09957E-11;2.32478E-14;804;;;;;;;;
805;1.24744E-06;1.45683E-09;2.95995E-11;2.23999E-14;805;;;;;;;;
806;1.17579E-06;1.38465E-09;2.82694E-11;2.15849E-14;806;;;;;;;;
807;1.10841E-06;1.31622E-09;2.70022E-11;2.08015E-14;807;;;;;;;;
808;1.04505E-06;1.25133E-09;2.57946E-11;2.00483E-14;808;;;;;;;;
809;9.85446E-07;1.18978E-09;2.46439E-11;1.93242E-14;809;;;;;;;;
810;9.29378E-07;1.1314E-09;2.35472E-11;1.8628E-14;810;;;;;;;;
811;8.76626E-07;1.07602E-09;2.25018E-11;1.79584E-14;811;;;;;;;;
812;0.000000827;0.000000001;2.15052E-11;1.73145E-14;812;;;;;;;;
813;7.8027E-07;0.000000001;2.0555E-11;1.66951E-14;813;;;;;;;;
814;7.36296E-07;9.26311E-10;1.9649E-11;1.60994E-14;814;;;;;;;;
815;6.94899E-07;8.81403E-10;1.8785E-11;1.55263E-14;815;;;;;;;;
816;6.55922E-07;8.38775E-10;1.7961E-11;1.49749E-14;816;;;;;;;;
817;6.19218E-07;7.98305E-10;1.7175E-11;1.44444E-14;817;;;;;;;;
818;5.8465E-07;7.5988E-10;1.64252E-11;1.39339E-14;818;;;;;;;;
819;5.52089E-07;7.23391E-10;1.57099E-11;1.34426E-14;819;;;;;;;;
820;5.21413E-07;6.88738E-10;1.50273E-11;1.29698E-14;820;;;;;;;;
821;4.9251E-07;6.55822E-10;1.4376E-11;1.25147E-14;821;;;;;;;;
822;4.65274E-07;6.24554E-10;1.37543E-11;1.20767E-14;822;;;;;;;;
823;4.39604E-07;5.94848E-10;1.3161E-11;1.16549E-14;823;;;;;;;;
824;4.15408E-07;5.66622E-10;1.25946E-11;1.12489E-14;824;;;;;;;;
825;3.92597E-07;5.39798E-10;1.20539E-11;1.0858E-14;825;;;;;;;;
826;3.71089E-07;5.14305E-10;1.15376E-11;1.04815E-14;826;;;;;;;;
827;3.50807E-07;4.90073E-10;1.10446E-11;1.0119E-14;827;;;;;;;;
828;3.31679E-07;4.67037E-10;1.05737E-11;9.76977E-15;828;;;;;;;;
829;3.13635E-07;4.45136E-10;1.0124E-11;9.43344E-15;829;;;;;;;;
830;2.96613E-07;4.2431E-10;9.69448E-12;9.10946E-15;830;;;;;;;;
831;2.80553E-07;4.04506E-10;9.28412E-12;8.79734E-15;831;;;;;;;;
832;2.65397E-07;3.85671E-10;8.89206E-12;8.49663E-15;832;;;;;;;;
833;2.51094E-07;3.67754E-10;8.51744E-12;8.20688E-15;833;;;;;;;;
834;2.37593E-07;3.5071E-10;8.15943E-12;7.92768E-15;834;;;;;;;;
835;2.24847E-07;3.34494E-10;7.81729E-12;7.65861E-15;835;;;;;;;;
836;2.12814E-07;3.19064E-10;7.49025E-12;7.39928E-15;836;;;;;;;;
837;2.0145E-07;3.0438E-10;7.17763E-12;7.14932E-15;837;;;;;;;;
838;1.90719E-07;2.90404E-10;6.87876E-12;6.90837E-15;838;;;;;;;;
839;1.80582E-07;2.77101E-10;6.593E-12;6.67609E-15;839;;;;;;;;
840;0.000000171;2.64437E-10;6.31975E-12;6.45214E-15;840;;;;;;;;
841;0.000000162;2.5238E-10;6.05844E-12;6.23621E-15;841;;;;;;;;
842;1.53411E-07;2.40899E-10;5.80851E-12;6.028E-15;842;;;;;;;;
843;1.45333E-07;2.29966E-10;5.56945E-12;5.8272E-15;843;;;;;;;;
844;1.37697E-07;2.19553E-10;5.34076E-12;5.63355E-15;844;;;;;;;;
845;1.30479E-07;2.09635E-10;5.12197E-12;5.44677E-15;845;;;;;;;;
846;1.23656E-07;2.00187E-10;4.91263E-12;5.2666E-15;846;;;;;;;;
847;1.17204E-07;1.91185E-10;4.71231E-12;5.0928E-15;847;;;;;;;;
848;1.11102E-07;1.82608E-10;4.5206E-12;4.92512E-15;848;;;;;;;;
849;1.05332E-07;1.74435E-10;4.33711E-12;4.76333E-15;849;;;;;;;;
850;9.98733E-08;1.66645E-10;4.16148E-12;4.60723E-15;850;;;;;;;;
851;9.47097E-08;1.5922E-10;3.99335E-12;4.45659E-15;851;;;;;;;;
852;8.98242E-08;1.52143E-10;3.83238E-12;4.31121E-15;852;;;;;;;;
853;8.52013E-08;1.45395E-10;3.67825E-12;4.17089E-15;853;;;;;;;;
854;8.08263E-08;1.38962E-10;3.53067E-12;4.03546E-15;854;;;;;;;;
855;7.66854E-08;1.32827E-10;3.38933E-12;3.90473E-15;855;;;;;;;;
856;7.27656E-08;1.26977E-10;3.25395E-12;3.77852E-15;856;;;;;;;;
857;6.90546E-08;1.21397E-10;3.12429E-12;3.65667E-15;857;;;;;;;;
858;6.55408E-08;1.16074E-10;3.00007E-12;3.53902E-15;858;;;;;;;;
859;6.22134E-08;1.10996E-10;2.88106E-12;3.42542E-15;859;;;;;;;;
860;5.9062E-08;1.06152E-10;2.76704E-12;3.31571E-15;860;;;;;;;;
861;5.60771E-08;1.01529E-10;2.65778E-12;3.20977E-15;861;;;;;;;;
862;5.32494E-08;9.71177E-11;2.55307E-12;3.10744E-15;862;;;;;;;;
863;5.05703E-08;9.29076E-11;2.45271E-12;3.0086E-15;863;;;;;;;;
864;0.000000048;8.88892E-11;2.35652E-12;2.91312E-15;864;;;;;;;;
865;4.56261E-08;8.50533E-11;2.26431E-12;2.82088E-15;865;;;;;;;;
866;4.3346E-08;8.13912E-11;2.17591E-12;2.73176E-15;866;;;;;;;;
867;4.11848E-08;7.78947E-11;2.09115E-12;2.64566E-15;867;;;;;;;;
868;3.91359E-08;7.4556E-11;2.00988E-12;2.56246E-15;868;;;;;;;;
869;3.71933E-08;7.13675E-11;1.93194E-12;2.48206E-15;869;;;;;;;;
870;3.53513E-08;6.83223E-11;1.85719E-12;2.40435E-15;870;;;;;;;;
871;3.36044E-08;6.54136E-11;1.7855E-12;2.32925E-15;871;;;;;;;;
872;3.19475E-08;6.26349E-11;1.71673E-12;2.25666E-15;872;;;;;;;;
873;3.03759E-08;5.99802E-11;1.65076E-12;2.1865E-15;873;;;;;;;;
874;2.88849E-08;5.74438E-11;1.58746E-12;2.11866E-15;874;;;;;;;;
875;2.74702E-08;5.502E-11;1.52673E-12;2.05308E-15;875;;;;;;;;
876;2.61279E-08;5.27037E-11;1.46845E-12;1.98967E-15;876;;;;;;;;
877;2.48539E-08;5.04899E-11;1.41252E-12;1.92836E-15;877;;;;;;;;
878;2.36448E-08;4.83738E-11;1.35885E-12;1.86907E-15;878;;;;;;;;
879;2.2497E-08;4.63509E-11;1.30732E-12;1.81173E-15;879;;;;;;;;
880;2.14074E-08;4.44169E-11;1.25787E-12;1.75627E-15;880;;;;;;;;
881;2.03728E-08;4.25677E-11;1.21038E-12;1.70264E-15;881;;;;;;;;
882;1.93904E-08;4.07994E-11;1.1648E-12;1.65075E-15;882;;;;;;;;
883;1.84575E-08;3.91083E-11;1.12102E-12;1.60056E-15;883;;;;;;;;
884;1.75714E-08;3.7491E-11;1.07899E-12;1.55201E-15;884;;;;;;;;
885;1.67297E-08;3.59439E-11;1.03862E-12;1.50503E-15;885;;;;;;;;
886;1.59301E-08;3.4464E-11;9.99848E-13;1.45958E-15;886;;;;;;;;
887;1.51703E-08;3.30481E-11;9.62606E-13;1.41559E-15;887;;;;;;;;
888;1.44484E-08;3.16934E-11;9.2683E-13;1.37303E-15;888;;;;;;;;
889;1.37624E-08;3.03971E-11;8.9246E-13;1.33184E-15;889;;;;;;;;
890;1.31103E-08;2.91565E-11;8.59437E-13;1.29197E-15;890;;;;;;;;
891;1.24906E-08;2.79692E-11;8.27707E-13;1.25338E-15;891;;;;;;;;
892;1.19014E-08;2.68327E-11;7.97215E-13;1.21602E-15;892;;;;;;;;
893;1.13412E-08;2.57449E-11;7.67911E-13;1.17986E-15;893;;;;;;;;
894;1.08085E-08;2.47034E-11;7.39746E-13;1.14485E-15;894;;;;;;;;
895;1.0302E-08;2.37062E-11;7.12673E-13;1.11096E-15;895;;;;;;;;
896;9.82029E-09;2.27513E-11;6.86649E-13;1.07814E-15;896;;;;;;;;
897;9.36209E-09;2.1837E-11;6.61629E-13;1.04636E-15;897;;;;;;;;
898;8.92621E-09;2.09613E-11;6.37574E-13;1.01559E-15;898;;;;;;;;
899;8.51153E-09;2.01225E-11;6.14444E-13;9.85782E-16;899;;;;;;;;
900;8.11697E-09;1.93191E-11;5.92202E-13;9.56915E-16;900;;;;;;;;
901;7.74152E-09;1.85494E-11;5.70812E-13;9.28956E-16;901;;;;;;;;
902;7.38421E-09;1.7812E-11;5.50239E-13;9.01872E-16;902;;;;;;;;
903;0.000000007;1.71054E-11;5.30451E-13;8.75635E-16;903;;;;;;;;
904;6.72041E-09;1.64283E-11;5.11416E-13;8.50218E-16;904;;;;;;;;
905;6.41223E-09;1.57795E-11;4.93104E-13;8.25591E-16;905;;;;;;;;
906;6.11882E-09;1.51576E-11;4.75486E-13;8.0173E-16;906;;;;;;;;
907;5.83944E-09;1.45615E-11;4.58534E-13;7.78609E-16;907;;;;;;;;
908;5.57339E-09;1.39901E-11;4.42222E-13;7.56204E-16;908;;;;;;;;
909;5.32E-09;1.34423E-11;4.26524E-13;7.3449E-16;909;;;;;;;;
910;5.07866E-09;1.29171E-11;4.11416E-13;7.13446E-16;910;;;;;;;;
911;4.84876E-09;1.24135E-11;3.96874E-13;6.93049E-16;911;;;;;;;;
912;4.62973E-09;1.19306E-11;3.82877E-13;6.73278E-16;912;;;;;;;;
913;4.42105E-09;1.14674E-11;3.69403E-13;6.54112E-16;913;;;;;;;;
914;4.22219E-09;1.10232E-11;3.5643E-13;6.35532E-16;914;;;;;;;;
915;0.000000004;1.05971E-11;3.4394E-13;6.17519E-16;915;;;;;;;;
916;3.85208E-09;1.01884E-11;3.31914E-13;6.00054E-16;916;;;;;;;;
917;3.67993E-09;9.79622E-12;3.20333E-13;5.83119E-16;917;;;;;;;;
918;3.51582E-09;9.41998E-12;3.0918E-13;5.66698E-16;918;;;;;;;;
919;3.35936E-09;9.05897E-12;2.98438E-13;5.50773E-16;919;;;;;;;;
920;3.21018E-09;8.71252E-12;2.88092E-13;5.35329E-16;920;;;;;;;;
921;3.06793E-09;8.38004E-12;2.78125E-13;5.2035E-16;921;;;;;;;;
922;2.93227E-09;8.06093E-12;2.68524E-13;5.05822E-16;922;;;;;;;;
923;2.80289E-09;7.75462E-12;2.59274E-13;4.91729E-16;923;;;;;;;;
924;2.67947E-09;7.46057E-12;2.50362E-13;4.78058E-16;924;;;;;;;;
925;2.56174E-09;7.17828E-12;2.41774E-13;4.64796E-16;925;;;;;;;;
926;2.44942E-09;6.90724E-12;2.33499E-13;4.51929E-16;926;;;;;;;;
927;2.34225E-09;6.64699E-12;2.25524E-13;4.39444E-16;927;;;;;;;;
928;2.23998E-09;6.39707E-12;2.17837E-13;4.27331E-16;928;;;;;;;;
929;2.14239E-09;6.15706E-12;2.10428E-13;4.15576E-16;929;;;;;;;;
930;0.000000002;5.92654E-12;2.03286E-13;4.04169E-16;930;;;;;;;;
931;0.000000002;5.70512E-12;1.96402E-13;3.93099E-16;931;;;;;;;;
932;1.87546E-09;5.49242E-12;1.89764E-13;3.82354E-16;932;;;;;;;;
933;1.79444E-09;5.28808E-12;1.83364E-13;3.71925E-16;933;;;;;;;;
934;1.71707E-09;5.09175E-12;1.77193E-13;3.61803E-16;934;;;;;;;;
935;1.6432E-09;4.90311E-12;1.71243E-13;3.51976E-16;935;;;;;;;;
936;1.57265E-09;4.72184E-12;1.65504E-13;3.42437E-16;936;;;;;;;;
937;1.50527E-09;4.54764E-12;1.59969E-13;3.33175E-16;937;;;;;;;;
938;1.44091E-09;4.38022E-12;1.5463E-13;3.24183E-16;938;;;;;;;;
939;1.37943E-09;4.2193E-12;1.49481E-13;3.15452E-16;939;;;;;;;;
940;1.3207E-09;4.06461E-12;1.44513E-13;3.06974E-16;940;;;;;;;;
941;1.26459E-09;3.9159E-12;1.39721E-13;2.98742E-16;941;;;;;;;;
942;1.21097E-09;3.77294E-12;1.35097E-13;2.90746E-16;942;;;;;;;;
943;1.15973E-09;3.63548E-12;1.30635E-13;2.82982E-16;943;;;;;;;;
944;1.11076E-09;3.5033E-12;1.2633E-13;2.7544E-16;944;;;;;;;;
945;1.06396E-09;3.37619E-12;1.22175E-13;2.68114E-16;945;;;;;;;;
946;0.000000001;3.25395E-12;1.18166E-13;2.60999E-16;946;;;;;;;;
947;0.000000001;3.13638E-12;1.14296E-13;2.54086E-16;947;;;;;;;;
948;9.3556E-10;3.0233E-12;1.1056E-13;2.47371E-16;948;;;;;;;;
949;8.96463E-10;2.91451E-12;1.06954E-13;2.40846E-16;949;;;;;;;;
950;8.59077E-10;2.80986E-12;1.03473E-13;2.34507E-16;950;;;;;;;;
951;8.23324E-10;2.70917E-12;1.00112E-13;2.28348E-16;951;;;;;;;;
952;7.8913E-10;2.61229E-12;9.68672E-14;2.22363E-16;952;;;;;;;;
953;7.56423E-10;2.51907E-12;9.37339E-14;2.16547E-16;953;;;;;;;;
954;7.25136E-10;2.42936E-12;9.07082E-14;2.10894E-16;954;;;;;;;;
955;6.95204E-10;2.34302E-12;8.77862E-14;2.05401E-16;955;;;;;;;;
956;6.66567E-10;2.25992E-12;8.49641E-14;2.00061E-16;956;;;;;;;;
957;6.39166E-10;2.17994E-12;8.22384E-14;1.94872E-16;957;;;;;;;;
958;6.12944E-10;2.10294E-12;7.96055E-14;1.89827E-16;958;;;;;;;;
959;5.8785E-10;2.02881E-12;7.70622E-14;1.84923E-16;959;;;;;;;;
960;5.63833E-10;1.95745E-12;7.46052E-14;1.80155E-16;960;;;;;;;;
961;5.40843E-10;1.88873E-12;7.22313E-14;1.7552E-16;961;;;;;;;;
962;5.18836E-10;1.82257E-12;6.99377E-14;1.71014E-16;962;;;;;;;;
963;4.97767E-10;1.75885E-12;6.77215E-14;1.66632E-16;963;;;;;;;;
964;4.77595E-10;1.69748E-12;6.55799E-14;1.62371E-16;964;;;;;;;;
965;4.58279E-10;1.63838E-12;6.35103E-14;1.58228E-16;965;;;;;;;;
966;4.39783E-10;1.58144E-12;6.151E-14;1.54198E-16;966;;;;;;;;
967;4.22069E-10;1.5266E-12;5.95767E-14;1.50279E-16;967;;;;;;;;
968;4.05102E-10;1.47377E-12;5.77079E-14;1.46468E-16;968;;;;;;;;
969;3.88851E-10;1.42287E-12;5.59015E-14;1.42761E-16;969;;;;;;;;
970;3.73283E-10;1.37383E-12;5.41552E-14;1.39155E-16;970;;;;;;;;
971;3.58369E-10;1.32657E-12;5.24668E-14;1.35647E-16;971;;;;;;;;
972;3.44079E-10;1.28104E-12;5.08344E-14;1.32235E-16;972;;;;;;;;
973;3.30387E-10;1.23715E-12;4.9256E-14;1.28915E-16;973;;;;;;;;
974;3.17266E-10;1.19485E-12;4.77296E-14;1.25685E-16;974;;;;;;;;
975;3.04692E-10;1.15408E-12;4.62536E-14;1.22543E-16;975;;;;;;;;
976;2.9264E-10;1.11479E-12;4.48261E-14;1.19485E-16;976;;;;;;;;
977;2.81088E-10;1.0769E-12;4.34454E-14;1.16509E-16;977;;;;;;;;
978;2.70014E-10;1.04038E-12;4.211E-14;1.13614E-16;978;;;;;;;;
979;2.59398E-10;1.00517E-12;4.08182E-14;1.10796E-16;979;;;;;;;;
980;2.4922E-10;9.71212E-13;3.95685E-14;1.08054E-16;980;;;;;;;;
981;2.3946E-10;9.38471E-13;3.83596E-14;1.05384E-16;981;;;;;;;;
982;2.30102E-10;9.06897E-13;3.71899E-14;1.02786E-16;982;;;;;;;;
983;2.21127E-10;8.76447E-13;3.60582E-14;1.00257E-16;983;;;;;;;;
984;2.12519E-10;8.47078E-13;3.49631E-14;9.77958E-17;984;;;;;;;;
985;2.04263E-10;8.1875E-13;3.39034E-14;9.53994E-17;985;;;;;;;;
986;1.96344E-10;7.91423E-13;3.28778E-14;9.30664E-17;986;;;;;;;;
987;1.88746E-10;7.65062E-13;3.18853E-14;9.07949E-17;987;;;;;;;;
988;1.81457E-10;7.39629E-13;3.09246E-14;8.85834E-17;988;;;;;;;;
989;1.74464E-10;7.1509E-13;2.99948E-14;8.643E-17;989;;;;;;;;
990;1.67753E-10;6.91413E-13;2.90947E-14;8.43332E-17;990;;;;;;;;
991;1.61313E-10;6.68565E-13;2.82233E-14;8.22913E-17;991;;;;;;;;
992;1.55133E-10;6.46516E-13;2.73798E-14;8.03028E-17;992;;;;;;;;
993;1.49201E-10;6.25236E-13;2.6563E-14;7.83663E-17;993;;;;;;;;
994;1.43507E-10;6.04698E-13;2.57722E-14;7.64802E-17;994;;;;;;;;
995;1.38042E-10;5.84873E-13;2.50065E-14;7.46431E-17;995;;;;;;;;
996;1.32794E-10;5.65736E-13;2.42649E-14;7.28537E-17;996;;;;;;;;
997;1.27757E-10;5.47262E-13;2.35468E-14;7.11107E-17;997;;;;;;;;
998;1.2292E-10;5.29427E-13;2.28513E-14;6.94128E-17;998;;;;;;;;
999;1.18275E-10;5.12206E-13;2.21777E-14;6.77587E-17;999;;;;;;;;
1000;;;;;1000;;;;;;;;
