R;G;B;U;wavelength
4,75E-14;7,55E-20;5,49E-26;0;0
5,58E-14;9,72E-20;7,79E-26;0;1
6,56E-14;1,25E-19;1,11E-25;0;2
7,70E-14;1,61E-19;1,57E-25;0;3
9,04E-14;2,06E-19;2,22E-25;0;4
1,06E-13;2,65E-19;3,13E-25;0;5
1,24E-13;3,39E-19;4,42E-25;0;6
1,46E-13;4,34E-19;6,24E-25;0;7
1,71E-13;5,56E-19;8,79E-25;0;8
2,00E-13;7,11E-19;1,24E-24;0;9
2,34E-13;9,09E-19;1,74E-24;0;10
2,74E-13;1,16E-18;2,44E-24;0;11
3,20E-13;1,48E-18;3,42E-24;0;12
3,75E-13;1,89E-18;4,80E-24;0;13
4,38E-13;2,41E-18;6,72E-24;0;14
5,11E-13;3,07E-18;9,39E-24;0;15
5,97E-13;3,90E-18;1,31E-23;0;16
6,97E-13;4,96E-18;1,83E-23;0;17
8,13E-13;6,31E-18;2,55E-23;0;18
9,47E-13;8,01E-18;3,55E-23;0;19
1,10E-12;1,02E-17;4,94E-23;0;20
1,29E-12;1,29E-17;6,86E-23;0;21
1,50E-12;1,63E-17;9,52E-23;0;22
1,74E-12;2,07E-17;1,32E-22;0;23
2,03E-12;2,61E-17;1,83E-22;0;24
2,36E-12;3,30E-17;2,53E-22;0;25
2,74E-12;4,17E-17;3,49E-22;0;26
3,18E-12;5,26E-17;4,82E-22;1,40E-45;27
3,70E-12;6,64E-17;6,64E-22;2,80E-45;28
4,29E-12;8,37E-17;9,15E-22;4,20E-45;29
4,98E-12;1,05E-16;1,26E-21;9,81E-45;30
5,78E-12;1,33E-16;1,73E-21;2,10E-44;31
6,70E-12;1,67E-16;2,37E-21;4,48E-44;32
7,76E-12;2,09E-16;3,26E-21;9,53E-44;33
8,99E-12;2,63E-16;4,46E-21;1,99E-43;34
1,04E-11;3,30E-16;6,10E-21;4,13E-43;35
1,20E-11;4,14E-16;8,34E-21;8,59E-43;36
1,39E-11;5,18E-16;1,14E-20;1,78E-42;37
1,61E-11;6,49E-16;1,55E-20;3,68E-42;38
1,86E-11;8,11E-16;2,12E-20;7,58E-42;39
2,15E-11;1,01E-15;2,88E-20;1,56E-41;40
2,48E-11;1,27E-15;3,91E-20;3,19E-41;41
2,86E-11;1,58E-15;5,31E-20;6,52E-41;42
3,30E-11;1,97E-15;7,21E-20;1,33E-40;43
3,81E-11;2,46E-15;9,77E-20;2,70E-40;44
4,39E-11;3,06E-15;1,32E-19;5,48E-40;45
5,06E-11;3,81E-15;1,79E-19;1,11E-39;46
5,82E-11;4,73E-15;2,41E-19;2,27E-39;47
6,70E-11;5,88E-15;3,26E-19;4,91E-39;48
7,71E-11;7,30E-15;4,39E-19;1,28E-38;49
8,86E-11;9,05E-15;5,91E-19;4,91E-38;50
1,02E-10;1,12E-14;7,94E-19;2,70E-37;51
1,17E-10;1,39E-14;1,07E-18;1,70E-36;52
1,34E-10;1,72E-14;1,43E-18;1,06E-35;53
1,54E-10;2,13E-14;1,92E-18;6,36E-35;54
1,77E-10;2,63E-14;2,57E-18;3,58E-34;55
2,03E-10;3,25E-14;3,44E-18;1,90E-33;56
2,33E-10;4,01E-14;4,59E-18;9,50E-33;57
2,67E-10;4,94E-14;6,13E-18;4,50E-32;58
3,05E-10;6,09E-14;8,17E-18;2,02E-31;59
3,50E-10;7,50E-14;1,09E-17;8,63E-31;60
4,00E-10;9,23E-14;1,45E-17;3,51E-30;61
4,58E-10;1,13E-13;1,92E-17;1,37E-29;62
5,23E-10;1,39E-13;2,55E-17;5,10E-29;63
5,98E-10;1,71E-13;3,38E-17;1,83E-28;64
6,83E-10;2,10E-13;4,48E-17;6,28E-28;65
7,80E-10;2,57E-13;5,93E-17;2,08E-27;66
8,90E-10;3,15E-13;7,84E-17;6,66E-27;67
1,02E-09;3,86E-13;1,03E-16;2,06E-26;68
1,16E-09;4,72E-13;1,36E-16;6,15E-26;69
1,32E-09;5,77E-13;1,80E-16;1,78E-25;70
1,50E-09;7,05E-13;2,37E-16;5,02E-25;71
1,71E-09;8,60E-13;3,11E-16;1,37E-24;72
1,95E-09;1,05E-12;4,08E-16;3,65E-24;73
2,22E-09;1,28E-12;5,35E-16;9,44E-24;74
2,52E-09;1,56E-12;7,02E-16;2,38E-23;75
2,87E-09;1,89E-12;9,18E-16;5,88E-23;76
3,26E-09;2,30E-12;1,20E-15;1,41E-22;77
3,70E-09;2,80E-12;1,57E-15;3,33E-22;78
4,20E-09;3,39E-12;2,05E-15;7,67E-22;79
4,76E-09;4,12E-12;2,67E-15;1,73E-21;80
5,40E-09;4,99E-12;3,47E-15;3,82E-21;81
6,12E-09;6,05E-12;4,51E-15;8,29E-21;82
6,94E-09;7,32E-12;5,86E-15;1,76E-20;83
7,86E-09;8,85E-12;7,60E-15;3,69E-20;84
8,90E-09;1,07E-11;9,85E-15;7,57E-20;85
1,01E-08;1,29E-11;1,28E-14;1,53E-19;86
1,14E-08;1,56E-11;1,65E-14;3,04E-19;87
1,29E-08;1,88E-11;2,13E-14;5,95E-19;88
1,45E-08;2,26E-11;2,75E-14;1,15E-18;89
1,64E-08;2,73E-11;3,55E-14;2,18E-18;90
1,86E-08;3,28E-11;4,57E-14;4,08E-18;91
2,09E-08;3,94E-11;5,87E-14;7,55E-18;92
2,36E-08;4,74E-11;7,55E-14;1,38E-17;93
2,66E-08;5,69E-11;9,69E-14;2,48E-17;94
3,00E-08;6,82E-11;1,24E-13;4,41E-17;95
3,38E-08;8,18E-11;1,59E-13;7,74E-17;96
3,81E-08;9,80E-11;2,03E-13;1,34E-16;97
4,29E-08;1,17E-10;2,60E-13;2,31E-16;98
4,82E-08;1,40E-10;3,32E-13;3,92E-16;99
5,42E-08;1,68E-10;4,23E-13;6,59E-16;100
6,10E-08;2,00E-10;5,39E-13;1,10E-15;101
6,85E-08;2,39E-10;6,86E-13;1,81E-15;102
7,69E-08;2,85E-10;8,72E-13;2,95E-15;103
8,64E-08;3,39E-10;1,11E-12;4,76E-15;104
9,69E-08;4,04E-10;1,40E-12;7,62E-15;105
1,09E-07;4,81E-10;1,78E-12;1,21E-14;106
1,22E-07;5,71E-10;2,25E-12;1,90E-14;107
1,37E-07;6,79E-10;2,85E-12;2,97E-14;108
1,53E-07;8,06E-10;3,59E-12;4,60E-14;109
1,71E-07;9,56E-10;4,53E-12;7,06E-14;110
1,92E-07;1,13E-09;5,71E-12;1,08E-13;111
2,14E-07;1,34E-09;7,19E-12;1,63E-13;112
2,40E-07;1,59E-09;9,04E-12;2,44E-13;113
2,68E-07;1,88E-09;1,14E-11;3,64E-13;114
2,99E-07;2,22E-09;1,42E-11;5,38E-13;115
3,34E-07;2,62E-09;1,79E-11;7,91E-13;116
3,73E-07;3,09E-09;2,24E-11;1,16E-12;117
4,16E-07;3,65E-09;2,80E-11;1,68E-12;118
4,64E-07;4,30E-09;3,49E-11;2,42E-12;119
5,17E-07;5,06E-09;4,36E-11;3,47E-12;120
5,76E-07;5,95E-09;5,43E-11;4,94E-12;121
6,41E-07;7,00E-09;6,76E-11;7,00E-12;122
7,14E-07;8,22E-09;8,41E-11;9,85E-12;123
7,94E-07;9,65E-09;1,05E-10;1,38E-11;124
8,83E-07;1,13E-08;1,30E-10;1,92E-11;125
9,81E-07;1,33E-08;1,61E-10;2,67E-11;126
1,09E-06;1,55E-08;1,99E-10;3,68E-11;127
1,21E-06;1,82E-08;2,46E-10;5,04E-11;128
1,34E-06;2,13E-08;3,04E-10;6,88E-11;129
1,49E-06;2,48E-08;3,76E-10;9,35E-11;130
1,65E-06;2,90E-08;4,63E-10;1,26E-10;131
1,83E-06;3,39E-08;5,71E-10;1,70E-10;132
2,03E-06;3,95E-08;7,02E-10;2,28E-10;133
2,25E-06;4,60E-08;8,63E-10;3,05E-10;134
2,49E-06;5,35E-08;1,06E-09;4,05E-10;135
2,76E-06;6,23E-08;1,30E-09;5,35E-10;136
3,05E-06;7,24E-08;1,59E-09;7,05E-10;137
3,37E-06;8,41E-08;1,95E-09;9,26E-10;138
3,73E-06;9,76E-08;2,38E-09;1,21E-09;139
4,12E-06;1,13E-07;2,91E-09;1,58E-09;140
4,55E-06;1,31E-07;3,55E-09;2,05E-09;141
5,02E-06;1,52E-07;4,32E-09;2,64E-09;142
5,54E-06;1,76E-07;5,26E-09;3,41E-09;143
6,11E-06;2,03E-07;6,40E-09;4,37E-09;144
6,73E-06;2,35E-07;7,77E-09;5,59E-09;145
7,41E-06;2,71E-07;9,43E-09;7,13E-09;146
8,16E-06;3,13E-07;1,14E-08;9,06E-09;147
8,99E-06;3,61E-07;1,38E-08;1,15E-08;148
9,89E-06;4,16E-07;1,67E-08;1,45E-08;149
1,09E-05;4,79E-07;2,02E-08;1,82E-08;150
1,20E-05;5,51E-07;2,44E-08;2,29E-08;151
1,31E-05;6,33E-07;2,94E-08;2,86E-08;152
1,44E-05;7,28E-07;3,54E-08;3,57E-08;153
1,58E-05;8,35E-07;4,25E-08;4,44E-08;154
1,74E-05;9,58E-07;5,11E-08;5,51E-08;155
1,91E-05;1,10E-06;6,13E-08;6,81E-08;156
2,09E-05;1,26E-06;7,35E-08;8,40E-08;157
2,29E-05;1,44E-06;8,81E-08;1,03E-07;158
2,51E-05;1,65E-06;1,05E-07;1,27E-07;159
2,75E-05;1,88E-06;1,26E-07;1,55E-07;160
3,01E-05;2,15E-06;1,50E-07;1,89E-07;161
3,29E-05;2,45E-06;1,79E-07;2,31E-07;162
3,59E-05;2,79E-06;2,13E-07;2,80E-07;163
3,93E-05;3,18E-06;2,54E-07;3,40E-07;164
4,29E-05;3,62E-06;3,02E-07;4,11E-07;165
4,69E-05;4,12E-06;3,58E-07;4,96E-07;166
5,11E-05;4,68E-06;4,25E-07;5,97E-07;167
5,58E-05;5,32E-06;5,03E-07;7,17E-07;168
6,08E-05;6,04E-06;5,96E-07;8,59E-07;169
6,63E-05;6,85E-06;7,04E-07;1,03E-06;170
7,22E-05;7,76E-06;8,31E-07;1,23E-06;171
7,87E-05;8,79E-06;9,81E-07;1,46E-06;172
8,56E-05;9,95E-06;1,16E-06;1,74E-06;173
9,32E-05;1,12E-05;1,36E-06;2,06E-06;174
0,00010134;1,27E-05;1,60E-06;2,44E-06;175
0,000110163;1,43E-05;1,88E-06;2,88E-06;176
0,000119701;1,62E-05;2,20E-06;3,40E-06;177
0,000130006;1,83E-05;2,58E-06;4,00E-06;178
0,000141136;2,06E-05;3,02E-06;4,70E-06;179
0,00015315;2,31E-05;3,53E-06;5,51E-06;180
0,000166113;2,60E-05;4,13E-06;6,45E-06;181
0,000180093;2,93E-05;4,82E-06;7,54E-06;182
0,000195162;3,29E-05;5,61E-06;8,80E-06;183
0,000211398;3,69E-05;6,54E-06;1,03E-05;184
0,000228882;4,14E-05;7,60E-06;1,19E-05;185
0,000247701;4,64E-05;8,83E-06;1,39E-05;186
0,000267948;5,19E-05;1,03E-05;1,61E-05;187
0,000289721;5,81E-05;1,19E-05;1,86E-05;188
0,000313124;6,50E-05;1,38E-05;2,15E-05;189
0,000338266;7,26E-05;1,59E-05;2,48E-05;190
0,000365264;8,11E-05;1,84E-05;2,86E-05;191
0,00039424;9,05E-05;2,12E-05;3,29E-05;192
0,000425325;0,000100849;2,45E-05;3,78E-05;193
0,000458657;0,000112347;2,82E-05;4,34E-05;194
0,000494379;0,000125063;3,24E-05;4,97E-05;195
0,000532647;0,000139115;3,73E-05;5,69E-05;196
0,00057362;0,00015463;4,28E-05;6,50E-05;197
0,00061747;0,000171747;4,91E-05;7,42E-05;198
0,000664375;0,000190616;5,62E-05;8,45E-05;199
0,000714525;0,0002114;6,44E-05;9,63E-05;200
0,000768117;0,000234275;7,36E-05;0,000109464;201
0,00082536;0,000259431;8,40E-05;0,000124335;202
0,000886474;0,000287075;9,58E-05;0,000141066;203
0,000951687;0,000317426;0,000109149;0,00015987;204
0,00102124;0,000350725;0,000124226;0,000180987;205
0,00109539;0,000387227;0,000141231;0,000204678;206
0,0011744;0,000427209;0,000160391;0,000231237;207
0,00125855;0,000470967;0,000181954;0,000260988;208
0,00134812;0,000518819;0,000206191;0,000294291;209
0,00144343;0,000571107;0,000233404;0,000331543;210
0,00154478;0,000628195;0,000263923;0,00037319;211
0,00165251;0,000690473;0,000298109;0,000419721;212
0,00176697;0,000758359;0,000336359;0,000471685;213
0,00188851;0,000832297;0,000379106;0,000529689;214
0,00201751;0,000912762;0,000426823;0,000594409;215
0,00215437;0,00100026;0,000480025;0,0006666;216
0,00229947;0,00109532;0,000539276;0,000747099;217
0,00245326;0,00119853;0,000605184;0,000836843;218
0,00261616;0,00131048;0,000678412;0,000936876;219
0,00278864;0,00143182;0,000759678;0,00104836;220
0,00297116;0,00156322;0,000849758;0,0011726;221
0,00316422;0,00170541;0,000949492;0,00131104;222
0,00336831;0,00185915;0,00105978;0,0014653;223
0,00358397;0,00202522;0,00118161;0,00163721;224
0,00381174;0,00220449;0,00131601;0,00182877;225
0,00405217;0,00239784;0,00146411;0,00204225;226
0,00430585;0,00260619;0,00162712;0,00228017;227
0,00457336;0,00283053;0,00180633;0,00254533;228
0,00485533;0,0030719;0,0020031;0,00284089;229
0,00515239;0,00333135;0,00221891;0,00317031;230
0,00546518;0,00361002;0,00245532;0,0035375;231
0,00579437;0,00390908;0,00271397;0,00394675;232
0,00614065;0,00422976;0,00299663;0,00440285;233
0,00650472;0,00457332;0,00330515;0,00491109;234
0,0068873;0,00494111;0,0036415;0,00547733;235
0,00728912;0,00533448;0,00400774;0,006108;236
0,00771096;0,00575488;0,00440606;0,00681022;237
0,00815356;0,00620377;0,00483873;0,00759176;238
0,00861772;0,00668268;0,00530815;0,00846116;239
0,00910424;0,00719319;0,00581683;0,0094277;240
0,00961394;0,00773693;0,00636737;0,0105015;241
0,0101476;0,00831555;0,0069625;0,0116936;242
0,0107062;0,00893078;0,00760504;0,0130158;243
0,0112905;0,00958438;0,00829791;0,0144809;244
0,0119013;0,0102781;0,00904415;0,0161026;245
0,0125396;0,0110139;0,00984687;0,0178956;246
0,0132062;0,0117935;0,0107093;0,0198754;247
0,013902;0,0126188;0,0116347;0,0220586;248
0,014628;0,0134919;0,0126264;0,0244627;249
0,015385;0,0144146;0,0136879;0,0271057;250
0,016174;0,0153889;0,0148227;0,0300069;251
0,0169959;0,0164169;0,0160343;0,0331861;252
0,0178516;0,0175004;0,0173262;0,0366635;253
0,0187419;0,0186415;0,0187021;0,0404602;254
0,0196679;0,0198423;0,0201656;0,0445974;255
0,0206305;0,0211046;0,0217202;0,0490966;256
0,0216305;0,0224305;0,0233695;0,0539794;257
0,0226688;0,023822;0,025117;0,059267;258
0,0237464;0,0252809;0,0269663;0,0649805;259
0,0248642;0,0268091;0,0289206;0,0711402;260
0,0260229;0,0284086;0,0309833;0,0777657;261
0,0272235;0,030081;0,0331575;0,0848752;262
0,0284667;0,0318282;0,0354463;0,0924857;263
0,0297535;0,0336518;0,0378524;0,100612;264
0,0310845;0,0355533;0,0403787;0,109269;265
0,0324606;0,0375344;0,0430275;0,118466;266
0,0338826;0,0395963;0,0458011;0,128212;267
0,035351;0,0417404;0,0487014;0,138513;268
0,0368666;0,0439678;0,05173;0,149371;269
0,03843;0,0462796;0,0548885;0,160786;270
0,0400419;0,0486768;0,0581777;0,172755;271
0,0417027;0,05116;0,0615984;0,185269;272
0,0434131;0,0537299;0,0651509;0,198317;273
0,0451735;0,056387;0,0688351;0,211884;274
0,0469843;0,0591315;0,0726504;0,225952;275
0,0488458;0,0619634;0,0765959;0,240498;276
0,0507585;0,0648828;0,0806703;0,255495;277
0,0527226;0,0678893;0,0848715;0,270914;278
0,0547382;0,0709823;0,0891973;0,286721;279
0,0568056;0,0741611;0,0936448;0,30288;280
0,0589247;0,0774248;0,0982106;0,319353;281
0,0610956;0,0807722;0,102891;0,336096;282
0,0633183;0,0842019;0,107681;0,353067;283
0,0655925;0,0877121;0,112576;0,370221;284
0,0679182;0,091301;0,117571;0,387511;285
0,0702949;0,0949663;0,122659;0,404889;286
0,0727224;0,0987057;0,127835;0,422309;287
0,0752001;0,102516;0,133091;0,439724;288
0,0777277;0,106396;0,13842;0,457087;289
0,0803043;0,11034;0,143813;0,474355;290
0,0829294;0,114346;0,149264;0,491485;291
0,0856021;0,11841;0,154761;0,508437;292
0,0883215;0,122528;0,160298;0,525173;293
0,0910867;0,126696;0,165864;0,541661;294
0,0938967;0,13091;0,171449;0,557869;295
0,0967501;0,135164;0,177044;0,573771;296
0,0996459;0,139453;0,182638;0,589347;297
0,102583;0,143774;0,18822;0,604576;298
0,105559;0,148119;0,19378;0,619447;299
0,108573;0,152484;0,199307;0,633951;300
0,111623;0,156862;0,204791;0,648082;301
0,114708;0,161249;0,210221;0,66184;302
0,117826;0,165637;0,215586;0,67523;303
0,120975;0,170021;0,220875;0,688257;304
0,124152;0,174394;0,226079;0,700934;305
0,127356;0,178749;0,231188;0,713273;306
0,130585;0,183081;0,23619;0,725292;307
0,133836;0,187381;0,241078;0,737007;308
0,137107;0,191645;0,245843;0,748441;309
0,140395;0,195864;0,250475;0,759614;310
0,143698;0,200032;0,254968;0,770547;311
0,147014;0,204142;0,259313;0,781263;312
0,150339;0,208188;0,263505;0,791783;313
0,15367;0,212163;0,267538;0,802128;314
0,157006;0,21606;0,271405;0,812315;315
0,160343;0,219872;0,275104;0,822363;316
0,163678;0,223594;0,278631;0,832286;317
0,167008;0,22722;0,281983;0,842097;318
0,17033;0,230742;0,285159;0,851803;319
0,173641;0,234156;0,288158;0,86141;320
0,176938;0,237455;0,290981;0,870921;321
0,180218;0,240635;0,293628;0,880334;322
0,183476;0,24369;0,296103;0,889643;323
0,186711;0,246616;0,298409;0,898838;324
0,189919;0,249407;0,30055;0,907907;325
0,193096;0,25206;0,302531;0,91683;326
0,196239;0,254571;0,30436;0,925587;327
0,199345;0,256938;0,306044;0,934153;328
0,202411;0,259155;0,307591;0,942498;329
0,205433;0,261222;0,309011;0,950591;330
0,208407;0,263135;0,310315;0,958394;331
0,211331;0,264894;0,311512;0,96587;332
0,214202;0,266497;0,312617;0,972978;333
0,217016;0,267942;0,313642;0,979673;334
0,21977;0,269231;0,3146;0,98591;335
0,22246;0,270362;0,315506;0,991641;336
0,225085;0,271338;0,316376;0,996817;337
0,22764;0,272157;0,317225;1,00139;338
0,230123;0,272824;0,318069;1,0053;339
0,23253;0,273339;0,318925;1,00852;340
0,23486;0,273706;0,31981;1,01097;341
0,237109;0,273927;0,320742;1,01262;342
0,239275;0,274006;0,321738;1,01342;343
0,241355;0,273948;0,322816;1,01332;344
0,243347;0,273757;0,323993;1,01229;345
0,245248;0,273438;0,325289;1,01027;346
0,247057;0,272998;0,326719;1,00723;347
0,24877;0,272442;0,328303;1,00314;348
0,250387;0,271777;0,330057;0,997976;349
0,251905;0,271009;0,331998;0,991708;350
0,253322;0,270147;0,334143;0,984322;351
0,254638;0,269198;0,336508;0,975805;352
0,25585;0,26817;0,339108;0,966153;353
0,256958;0,267073;0,341959;0,955368;354
0,25796;0,265915;0,345074;0,943459;355
0,258855;0,264705;0,348466;0,930441;356
0,259642;0,263453;0,352149;0,916337;357
0,260321;0,26217;0,356134;0,90118;358
0,260892;0,260865;0,360431;0,885005;359
0,261353;0,259548;0,365051;0,867858;360
0,261706;0,25823;0,370001;0,84979;361
0,261949;0,256923;0,375289;0,830858;362
0,262083;0,255637;0,380922;0,811125;363
0,262109;0,254384;0,386905;0,790658;364
0,262026;0,253173;0,393241;0,769529;365
0,261836;0,252018;0,399934;0,747814;366
0,26154;0,250929;0,406986;0,72559;367
0,261138;0,249918;0,414395;0,702936;368
0,260632;0,248996;0,422162;0,679933;369
0,260023;0,248174;0,430284;0,656662;370
0,259312;0,247465;0,438758;0,633202;371
0,258502;0,246878;0,447579;0,609631;372
0,257594;0,246426;0,456742;0,586026;373
0,256591;0,246119;0,466239;0,562459;374
0,255494;0,245968;0,476062;0,539;375
0,254306;0,245984;0,486202;0,515715;376
0,253029;0,246177;0,496648;0,492667;377
0,251667;0,246557;0,507389;0,469913;378
0,250221;0,247135;0,518413;0,447505;379
0,248695;0,24792;0,529705;0,425493;380
0,247093;0,248922;0,541253;0,403921;381
0,245416;0,250148;0,553039;0,382828;382
0,243669;0,251609;0,565049;0,362249;383
0,241855;0,253313;0,577266;0,342214;384
0,239977;0,255266;0,589672;0,322752;385
0,23804;0,257477;0,602248;0,303885;386
0,236047;0,259953;0,614977;0,285633;387
0,234002;0,262701;0,627838;0,268012;388
0,23191;0,265726;0,640812;0,251035;389
0,229774;0,269033;0,653879;0,234712;390
0,227598;0,272629;0,667018;0,219051;391
0,225387;0,276518;0,680208;0,204057;392
0,223146;0,280703;0,693428;0,189733;393
0,220878;0,285188;0,706655;0,176078;394
0,218589;0,289977;0,719869;0,163092;395
0,216283;0,29507;0,733047;0,150769;396
0,213964;0,300471;0,746167;0,139104;397
0,211638;0,30618;0,759207;0,128088;398
0,209308;0,312198;0,772144;0,117711;399
0,206981;0,318525;0,784956;0,10796;400
0,20466;0,32516;0,79762;0,0988221;401
0,20235;0,332101;0,810114;0,0902805;402
0,200057;0,339348;0,822415;0,0823174;403
0,197786;0,346896;0,834501;0,0749134;404
0,19554;0,354744;0,846348;0,0680477;405
0,193326;0,362887;0,857934;0,061698;406
0,191148;0,371321;0,869236;0,0558412;407
0,189012;0,380041;0,880232;0,0504531;408
0,186921;0,389041;0,890899;0,045509;409
0,184881;0,398315;0,901214;0,0409839;410
0,182897;0,407857;0,911156;0,0368523;411
0,180974;0,417659;0,9207;0,0330891;412
0,179116;0,427712;0,929824;0,0296693;413
0,177329;0,438009;0,938507;0,0265686;414
0,175617;0,448541;0,946726;0,0237631;415
0,173985;0,459298;0,954458;0,0212298;416
0,172439;0,470269;0,961681;0,0189467;417
0,170981;0,481446;0,968374;0,0168929;418
0,169618;0,492816;0,974515;0,0150484;419
0,168354;0,504368;0,980083;0,0133945;420
0,167194;0,51609;0,985056;0,0119138;421
0,166141;0,527971;0,989414;0,0105899;422
0,165201;0,539998;0,993137;0,00940763;423
0,164378;0,552158;0,996206;0,00835317;424
0,163676;0,564437;0,998602;0,00741365;425
0,1631;0,576823;1,00031;0,00657734;426
0,162653;0,589301;1,0013;0,00583355;427
0,16234;0,601857;1,00158;0,00517255;428
0,162166;0,614478;1,00111;0,00458553;429
0,162133;0,627149;0,9999;0,00406453;430
0,162246;0,639854;0,997923;0,00360236;431
0,162509;0,652581;0,995174;0,00319257;432
0,162926;0,665312;0,991644;0,00282936;433
0,163499;0,678034;0,987327;0,00250753;434
0,164234;0,690731;0,98222;0,00222245;435
0,165133;0,703389;0,97632;0,00196998;436
0,166199;0,71599;0,969629;0,0017464;437
0,167437;0,728522;0,96215;0,00154845;438
0,168848;0,740966;0,953888;0,00137318;439
0,170437;0,75331;0,944852;0,00121801;440
0,172206;0,765535;0,935054;0,00108062;441
0,174158;0,777628;0,924507;0,000958971;442
0,176296;0,789572;0,913228;0,000851247;443
0,178622;0,801353;0,901238;0,000755841;444
0,18114;0,812953;0,888558;0,000671333;445
0,18385;0,824358;0,875215;0,000596464;446
0,186756;0,835551;0,861235;0,00053012;447
0,18986;0,846518;0,846649;0,000471317;448
0,193163;0,857241;0,83149;0,000419186;449
0,196667;0,867707;0,815793;0,000372957;450
0,200374;0,877898;0,799594;0,00033195;451
0,204286;0,887799;0,782931;0,000295565;452
0,208403;0,897394;0,765844;0,00026327;453
0,212727;0,906668;0,748375;0,000234596;454
0,217259;0,915604;0,730565;0,000209129;455
0,221999;0,924187;0,712457;0,000186503;456
0,226949;0,932402;0,694093;0,000166392;457
0,232107;0,940231;0,675517;0,000148511;458
0,237476;0,94766;0,656772;0,000132607;459
0,243054;0,954672;0,637899;0,000118456;460
0,248842;0,961253;0,61894;0,00010586;461
0,254838;0,967387;0,599936;9,46E-05;462
0,261043;0,973058;0,580926;8,47E-05;463
0,267456;0,978252;0,561949;7,57E-05;464
0,274074;0,982953;0,543041;6,78E-05;465
0,280898;0,987146;0,524237;6,07E-05;466
0,287925;0,990817;0,505571;5,44E-05;467
0,295154;0,993953;0,487074;4,88E-05;468
0,302583;0,99654;0,468776;4,37E-05;469
0,310209;0,998564;0,450704;3,92E-05;470
0,31803;1,00001;0,432884;3,52E-05;471
0,326043;1,00088;0,415339;3,16E-05;472
0,334244;1,00114;0,398092;2,84E-05;473
0,342632;1,0008;0,381162;2,55E-05;474
0,351202;0,999833;0,364568;2,29E-05;475
0,35995;0,998245;0,348326;2,06E-05;476
0,368873;0,996023;0,33245;1,86E-05;477
0,377965;0,993161;0,316953;1,67E-05;478
0,387224;0,989655;0,301847;1,51E-05;479
0,396643;0,985501;0,287141;1,36E-05;480
0,406218;0,980696;0,272844;1,22E-05;481
0,415943;0,97524;0,258964;1,10E-05;482
0,425814;0,969134;0,245506;9,94E-06;483
0,435824;0,962382;0,232475;8,97E-06;484
0,445968;0,954987;0,219874;8,10E-06;485
0,456239;0,946955;0,207707;7,32E-06;486
0,46663;0,938295;0,195975;6,61E-06;487
0,477137;0,929018;0,184678;5,97E-06;488
0,48775;0,919133;0,173816;5,40E-06;489
0,498465;0,908657;0,163387;4,89E-06;490
0,509273;0,897603;0,15339;4,42E-06;491
0,520167;0,88599;0,143821;4,00E-06;492
0,53114;0,873837;0,134677;3,63E-06;493
0,542184;0,861164;0,125951;3,29E-06;494
0,553291;0,847995;0,11764;2,98E-06;495
0,564454;0,834353;0,109736;2,70E-06;496
0,575664;0,820265;0,102231;2,45E-06;497
0,586913;0,805756;0,095118;2,22E-06;498
0,598192;0,790855;0,0883878;2,02E-06;499
0,609494;0,775592;0,0820307;1,83E-06;500
0,62081;0,759996;0,0760363;1,67E-06;501
0,63213;0,744098;0,070394;1,51E-06;502
0,643447;0,727928;0,0650921;1,38E-06;503
0,654752;0,71152;0,0601187;1,25E-06;504
0,666035;0,694904;0,0554616;1,14E-06;505
0,677289;0,678112;0,0511079;1,04E-06;506
0,688502;0,661176;0,0470448;9,44E-07;507
0,699668;0,644128;0,0432591;8,60E-07;508
0,710776;0,626998;0,0397376;7,84E-07;509
0,721818;0,609818;0,0364671;7,14E-07;510
0,732784;0,592615;0,0334343;6,51E-07;511
0,743665;0,575421;0,0306262;5,94E-07;512
0,754452;0,558261;0,0280299;5,42E-07;513
0,765135;0,541164;0,0256329;4,95E-07;514
0,775705;0,524156;0,0234228;4,52E-07;515
0,786154;0,50726;0,0213877;4,13E-07;516
0,79647;0,4905;0,019516;3,77E-07;517
0,806646;0,473898;0,0177967;3,45E-07;518
0,816671;0,457475;0,0162192;3,15E-07;519
0,826536;0,441251;0,0147734;2,89E-07;520
0,836232;0,425244;0,0134495;2,64E-07;521
0,845749;0,40947;0,0122384;2,42E-07;522
0,855078;0,393945;0,0111316;2,21E-07;523
0,864209;0,378684;0,0101209;2,03E-07;524
0,873132;0,3637;0,00919868;1,86E-07;525
0,881838;0,349005;0,00835782;1,70E-07;526
0,890318;0,334609;0,00759166;1,56E-07;527
0,898561;0,320522;0,00689401;1,43E-07;528
0,906558;0,306753;0,0062591;1,31E-07;529
0,914299;0,293309;0,0056816;1,21E-07;530
0,921776;0,280198;0,00515657;1,11E-07;531
0,928977;0,267424;0,00467946;1,02E-07;532
0,935893;0,254993;0,00424606;9,34E-08;533
0,942515;0,24291;0,0038525;8,59E-08;534
0,948832;0,231176;0,00349524;7,89E-08;535
0,954836;0,219796;0,00317102;7,26E-08;536
0,960517;0,20877;0,00287686;6,68E-08;537
0,965865;0,1981;0,00261002;6,14E-08;538
0,97087;0,187786;0,002368;5,66E-08;539
0,975524;0,177829;0,00214854;5,21E-08;540
0,979816;0,168228;0,00194956;4,80E-08;541
0,983739;0,15898;0,00176915;4,42E-08;542
0,987281;0,150085;0,0016056;4,07E-08;543
0,990436;0,141539;0,00145733;3,75E-08;544
0,993193;0,13334;0,00132292;3,46E-08;545
0,995545;0,125484;0,00120108;3,19E-08;546
0,997484;0,117966;0,00109063;2,95E-08;547
0,999;0,110781;0,000990494;2,72E-08;548
1,00009;0,103925;0,000899708;2,51E-08;549
1,00074;0,0973914;0,000817393;2,32E-08;550
1,00095;0,0911733;0,00074275;2,14E-08;551
1,0007;0,085264;0,000675058;1,98E-08;552
1,00001;0,0796563;0,000613662;1,83E-08;553
0,998849;0,0743422;0,00055797;1,69E-08;554
0,997224;0,0693136;0,000507443;1,56E-08;555
0,99513;0,0645618;0,000461597;1,45E-08;556
0,992562;0,060078;0,000419989;1,34E-08;557
0,989518;0,0558531;0,000382223;1,24E-08;558
0,985995;0,0518775;0,000347937;1,15E-08;559
0,981992;0,0481418;0,000316804;1,06E-08;560
0,977509;0,0446362;0,000288529;9,83E-09;561
0,972546;0,0413509;0,000262844;9,11E-09;562
0,967104;0,0382762;0,000239507;8,44E-09;563
0,961185;0,0354023;0,000218299;7,83E-09;564
0,954793;0,0327193;0,00019902;7,26E-09;565
0,947932;0,0302177;0,000181493;6,73E-09;566
0,940607;0,0278879;0,000165553;6,25E-09;567
0,932824;0,0257206;0,000151054;5,80E-09;568
0,924589;0,0237068;0,000137861;5,38E-09;569
0,915912;0,0218375;0,000125856;5,00E-09;570
0,906802;0,0201042;0,000114927;4,64E-09;571
0,897268;0,0184986;0,000104976;4,31E-09;572
0,887321;0,0170126;9,59E-05;4,01E-09;573
0,876975;0,0156386;8,77E-05;3,72E-09;574
0,866242;0,0143692;8,01E-05;3,46E-09;575
0,855136;0,0131975;7,33E-05;3,22E-09;576
0,843672;0,0121166;6,70E-05;3,00E-09;577
0,831865;0,0111204;6,13E-05;2,79E-09;578
0,819732;0,0102028;5,61E-05;2,59E-09;579
0,80729;0,00935821;5,14E-05;2,41E-09;580
0,794558;0,0085812;4,70E-05;2,25E-09;581
0,781552;0,00786682;4,31E-05;2,09E-09;582
0,768292;0,00721035;3,95E-05;1,95E-09;583
0,754798;0,00660741;3,62E-05;1,82E-09;584
0,741088;0,00605386;3,32E-05;1,69E-09;585
0,727183;0,00554589;3,04E-05;1,58E-09;586
0,713102;0,00507992;2,79E-05;1,47E-09;587
0,698866;0,00465263;2,56E-05;1,37E-09;588
0,684496;0,00426092;2,35E-05;1,28E-09;589
0,67001;0,00390195;2,16E-05;1,20E-09;590
0,655429;0,00357306;1,98E-05;1,12E-09;591
0,640773;0,0032718;1,82E-05;1,04E-09;592
0,626061;0,0029959;1,67E-05;9,73E-10;593
0,611313;0,00274329;1,54E-05;9,09E-10;594
0,596547;0,00251202;1,41E-05;8,49E-10;595
0,581782;0,00230032;1,30E-05;7,93E-10;596
0,567036;0,00210657;1,19E-05;7,42E-10;597
0,552325;0,00192924;1,10E-05;6,93E-10;598
0,537667;0,00176697;1,01E-05;6,48E-10;599
0,523078;0,00161848;9,30E-06;6,06E-10;600
0,508572;0,00148261;8,57E-06;5,67E-10;601
0,494166;0,00135828;7,89E-06;5,31E-10;602
0,479873;0,00124452;7,27E-06;4,97E-10;603
0,465707;0,00114042;6,70E-06;4,65E-10;604
0,45168;0,00104517;6,17E-06;4,35E-10;605
0,437803;0,000958004;5,69E-06;4,08E-10;606
0,42409;0,000878234;5,25E-06;3,82E-10;607
0,410549;0,000805228;4,84E-06;3,58E-10;608
0,397192;0,000738407;4,47E-06;3,35E-10;609
0,384026;0,000677242;4,12E-06;3,14E-10;610
0,371062;0,000621248;3,81E-06;2,95E-10;611
0,358305;0,000569983;3,51E-06;2,76E-10;612
0,345765;0,000523043;3,25E-06;2,59E-10;613
0,333446;0,000480056;3,00E-06;2,43E-10;614
0,321357;0,000440685;2,77E-06;2,28E-10;615
0,3095;0,00040462;2,56E-06;2,14E-10;616
0,297883;0,00037158;2,37E-06;2,01E-10;617
0,286509;0,000341305;2,19E-06;1,89E-10;618
0,275382;0,000313561;2,03E-06;1,77E-10;619
0,264506;0,000288131;1,88E-06;1,66E-10;620
0,253882;0,000264818;1,74E-06;1,56E-10;621
0,243515;0,000243442;1,61E-06;1,47E-10;622
0,233406;0,000223839;1,49E-06;1,38E-10;623
0,223557;0,000205859;1,38E-06;1,30E-10;624
0,213968;0,000189364;1,28E-06;1,22E-10;625
0,204642;0,000174229;1,18E-06;1,15E-10;626
0,195578;0,000160338;1,10E-06;1,08E-10;627
0,186777;0,000147588;1,02E-06;1,02E-10;628
0,178238;0,000135882;9,42E-07;9,55E-11;629
0,169961;0,000125132;8,74E-07;8,99E-11;630
0,161946;0,000115258;8,11E-07;8,46E-11;631
0,15419;0,000106187;7,52E-07;7,97E-11;632
0,146693;9,79E-05;6,98E-07;7,50E-11;633
0,139453;9,02E-05;6,48E-07;7,07E-11;634
0,132468;8,32E-05;6,02E-07;6,66E-11;635
0,125735;7,67E-05;5,59E-07;6,27E-11;636
0,119252;7,07E-05;5,20E-07;5,91E-11;637
0,113014;6,52E-05;4,83E-07;5,57E-11;638
0,107021;6,02E-05;4,49E-07;5,25E-11;639
0,101266;5,56E-05;4,17E-07;4,95E-11;640
0,0957475;5,13E-05;3,88E-07;4,67E-11;641
0,0904602;4,74E-05;3,61E-07;4,41E-11;642
0,0853999;4,38E-05;3,36E-07;4,16E-11;643
0,080562;4,04E-05;3,12E-07;3,92E-11;644
0,0759414;3,73E-05;2,91E-07;3,70E-11;645
0,071533;3,45E-05;2,71E-07;3,49E-11;646
0,0673316;3,19E-05;2,52E-07;3,30E-11;647
0,0633315;2,95E-05;2,35E-07;3,11E-11;648
0,0595271;2,73E-05;2,19E-07;2,94E-11;649
0,0559126;2,52E-05;2,04E-07;2,78E-11;650
0,052482;2,34E-05;1,90E-07;2,62E-11;651
0,0492292;2,16E-05;1,77E-07;2,48E-11;652
0,0461481;2,00E-05;1,65E-07;2,34E-11;653
0,0432326;1,85E-05;1,54E-07;2,22E-11;654
0,0404765;1,72E-05;1,43E-07;2,09E-11;655
0,0378735;1,59E-05;1,34E-07;1,98E-11;656
0,0354174;1,47E-05;1,25E-07;1,87E-11;657
0,0331021;1,37E-05;1,17E-07;1,77E-11;658
0,0309215;1,27E-05;1,09E-07;1,68E-11;659
0,0288695;1,17E-05;1,02E-07;1,59E-11;660
0,0269402;1,09E-05;9,49E-08;1,50E-11;661
0,0251279;1,01E-05;8,87E-08;1,42E-11;662
0,0234266;9,36E-06;8,28E-08;1,35E-11;663
0,021831;8,69E-06;7,74E-08;1,27E-11;664
0,0203355;8,06E-06;7,23E-08;1,21E-11;665
0,018935;7,49E-06;6,76E-08;1,14E-11;666
0,0176242;6,95E-06;6,32E-08;1,08E-11;667
0,0163983;6,46E-06;5,91E-08;1,03E-11;668
0,0152525;6,00E-06;5,53E-08;9,72E-12;669
0,0141823;5,57E-06;5,18E-08;9,21E-12;670
0,0131832;5,18E-06;4,84E-08;8,73E-12;671
0,012251;4,82E-06;4,53E-08;8,28E-12;672
0,0113818;4,48E-06;4,24E-08;7,85E-12;673
0,0105717;4,16E-06;3,97E-08;7,44E-12;674
0,00981705;3,87E-06;3,72E-08;7,06E-12;675
0,00911437;3,60E-06;3,49E-08;6,70E-12;676
0,00846037;3,35E-06;3,27E-08;6,35E-12;677
0,00785192;3,12E-06;3,06E-08;6,03E-12;678
0,00728608;2,91E-06;2,87E-08;5,72E-12;679
0,00676005;2,71E-06;2,69E-08;5,43E-12;680
0,0062712;2,52E-06;2,52E-08;5,16E-12;681
0,00581704;2,35E-06;2,37E-08;4,90E-12;682
0,00539523;2,19E-06;2,22E-08;4,65E-12;683
0,00500358;2,04E-06;2,08E-08;4,42E-12;684
0,00464002;1,90E-06;1,95E-08;4,20E-12;685
0,00430262;1,77E-06;1,83E-08;3,99E-12;686
0,00398957;1,65E-06;1,72E-08;3,79E-12;687
0,00369915;1,54E-06;1,62E-08;3,60E-12;688
0,00342979;1,44E-06;1,52E-08;3,42E-12;689
0,00318;1,34E-06;1,42E-08;3,25E-12;690
0,00294838;1,25E-06;1,34E-08;3,09E-12;691
0,00273365;1,17E-06;1,26E-08;2,94E-12;692
0,0025346;1,09E-06;1,18E-08;2,80E-12;693
0,00235009;1,02E-06;1,11E-08;2,66E-12;694
0,00217909;9,51E-07;1,04E-08;2,53E-12;695
0,00202061;8,88E-07;9,81E-09;2,41E-12;696
0,00187374;8,30E-07;9,23E-09;2,29E-12;697
0,00173765;7,76E-07;8,68E-09;2,18E-12;698
0,00161154;7,25E-07;8,16E-09;2,08E-12;699
0,00149468;6,78E-07;7,68E-09;1,98E-12;700
0,00138641;6,34E-07;7,23E-09;1,88E-12;701
0,00128608;5,93E-07;6,80E-09;1,79E-12;702
0,00119311;5,54E-07;6,40E-09;1,71E-12;703
0,00110697;5,19E-07;6,03E-09;1,63E-12;704
0,00102715;4,85E-07;5,68E-09;1,55E-12;705
0,000953176;4,54E-07;5,35E-09;1,48E-12;706
0,000884627;4,25E-07;5,04E-09;1,41E-12;707
0,000821098;3,98E-07;4,75E-09;1,34E-12;708
0,00076222;3,73E-07;4,47E-09;1,28E-12;709
0,000707648;3,49E-07;4,21E-09;1,22E-12;710
0,000657064;3,27E-07;3,97E-09;1,16E-12;711
0,000610172;3,06E-07;3,74E-09;1,11E-12;712
0,0005667;2,87E-07;3,53E-09;1,06E-12;713
0,000526395;2,69E-07;3,33E-09;1,01E-12;714
0,000489023;2,52E-07;3,14E-09;9,62E-13;715
0,000454366;2,37E-07;2,96E-09;9,18E-13;716
0,000422225;2,22E-07;2,80E-09;8,76E-13;717
0,000392413;2,08E-07;2,64E-09;8,36E-13;718
0,00036476;1,95E-07;2,49E-09;7,98E-13;719
0,000339104;1,83E-07;2,35E-09;7,62E-13;720
0,000315301;1,72E-07;2,22E-09;7,27E-13;721
0,000293212;1,61E-07;2,10E-09;6,94E-13;722
0,000272712;1,52E-07;1,98E-09;6,63E-13;723
0,000253685;1,42E-07;1,87E-09;6,33E-13;724
0,000236022;1,34E-07;1,77E-09;6,05E-13;725
0,000219623;1,26E-07;1,67E-09;5,78E-13;726
0,000204396;1,18E-07;1,58E-09;5,52E-13;727
0,000190255;1,11E-07;1,49E-09;5,28E-13;728
0,000177121;1,04E-07;1,41E-09;5,04E-13;729
0,00016492;9,79E-08;1,33E-09;4,82E-13;730
0,000153584;9,20E-08;1,26E-09;4,61E-13;731
0,000143051;8,65E-08;1,19E-09;4,41E-13;732
0,000133262;8,14E-08;1,13E-09;4,21E-13;733
0,000124164;7,65E-08;1,07E-09;4,03E-13;734
0,000115705;7,20E-08;1,01E-09;3,85E-13;735
0,000107841;6,77E-08;9,55E-10;3,69E-13;736
0,000100528;6,37E-08;9,04E-10;3,53E-13;737
9,37E-05;6,00E-08;8,56E-10;3,37E-13;738
8,74E-05;5,65E-08;8,10E-10;3,23E-13;739
8,15E-05;5,32E-08;7,67E-10;3,09E-13;740
7,60E-05;5,01E-08;7,27E-10;2,96E-13;741
7,09E-05;4,72E-08;6,88E-10;2,83E-13;742
6,62E-05;4,44E-08;6,52E-10;2,71E-13;743
6,18E-05;4,18E-08;6,18E-10;2,59E-13;744
5,77E-05;3,94E-08;5,85E-10;2,48E-13;745
5,38E-05;3,72E-08;5,55E-10;2,38E-13;746
5,03E-05;3,50E-08;5,26E-10;2,28E-13;747
4,69E-05;3,30E-08;4,99E-10;2,18E-13;748
4,39E-05;3,11E-08;4,73E-10;2,09E-13;749
4,10E-05;2,94E-08;4,48E-10;2,00E-13;750
3,83E-05;2,77E-08;4,25E-10;1,92E-13;751
3,58E-05;2,61E-08;4,03E-10;1,84E-13;752
3,34E-05;2,46E-08;3,83E-10;1,76E-13;753
3,13E-05;2,32E-08;3,63E-10;1,69E-13;754
2,92E-05;2,19E-08;3,44E-10;1,62E-13;755
2,73E-05;2,07E-08;3,27E-10;1,55E-13;756
2,56E-05;1,96E-08;3,10E-10;1,49E-13;757
2,39E-05;1,85E-08;2,95E-10;1,43E-13;758
2,24E-05;1,74E-08;2,80E-10;1,37E-13;759
2,09E-05;1,65E-08;2,66E-10;1,31E-13;760
1,96E-05;1,56E-08;2,52E-10;1,26E-13;761
1,83E-05;1,47E-08;2,40E-10;1,21E-13;762
1,72E-05;1,39E-08;2,28E-10;1,16E-13;763
1,61E-05;1,31E-08;2,16E-10;1,11E-13;764
1,51E-05;1,24E-08;2,05E-10;1,07E-13;765
1,41E-05;1,17E-08;1,95E-10;1,03E-13;766
1,32E-05;1,11E-08;1,86E-10;9,84E-14;767
1,24E-05;1,05E-08;1,76E-10;9,45E-14;768
1,16E-05;9,91E-09;1,68E-10;9,07E-14;769
1,09E-05;9,37E-09;1,60E-10;8,71E-14;770
1,02E-05;8,87E-09;1,52E-10;8,36E-14;771
9,56E-06;8,39E-09;1,44E-10;8,03E-14;772
8,97E-06;7,94E-09;1,37E-10;7,71E-14;773
8,41E-06;7,51E-09;1,31E-10;7,41E-14;774
7,89E-06;7,11E-09;1,24E-10;7,12E-14;775
7,40E-06;6,73E-09;1,18E-10;6,84E-14;776
6,95E-06;6,37E-09;1,13E-10;6,57E-14;777
6,52E-06;6,03E-09;1,07E-10;6,32E-14;778
6,12E-06;5,72E-09;1,02E-10;6,07E-14;779
5,75E-06;5,41E-09;9,71E-11;5,84E-14;780
5,40E-06;5,13E-09;9,24E-11;5,61E-14;781
5,07E-06;4,86E-09;8,80E-11;5,39E-14;782
4,76E-06;4,60E-09;8,38E-11;5,19E-14;783
4,47E-06;4,36E-09;7,99E-11;4,99E-14;784
4,20E-06;4,14E-09;7,61E-11;4,79E-14;785
3,95E-06;3,92E-09;7,25E-11;4,61E-14;786
3,71E-06;3,72E-09;6,91E-11;4,44E-14;787
3,49E-06;3,52E-09;6,58E-11;4,27E-14;788
3,28E-06;3,34E-09;6,28E-11;4,11E-14;789
3,08E-06;3,17E-09;5,98E-11;3,95E-14;790
2,90E-06;3,01E-09;5,70E-11;3,80E-14;791
2,73E-06;2,85E-09;5,44E-11;3,66E-14;792
2,57E-06;2,71E-09;5,19E-11;3,52E-14;793
2,41E-06;2,57E-09;4,95E-11;3,39E-14;794
2,27E-06;2,44E-09;4,72E-11;3,26E-14;795
2,14E-06;2,31E-09;4,50E-11;3,14E-14;796
2,01E-06;2,20E-09;4,29E-11;3,02E-14;797
1,90E-06;2,09E-09;4,10E-11;2,91E-14;798
1,78E-06;1,98E-09;3,91E-11;2,80E-14;799
1,68E-06;1,88E-09;3,73E-11;2,70E-14;800
1,58E-06;1,79E-09;3,56E-11;2,60E-14;801
1,49E-06;1,70E-09;3,40E-11;2,50E-14;802
1,40E-06;1,61E-09;3,25E-11;2,41E-14;803
1,32E-06;1,53E-09;3,10E-11;2,32E-14;804
1,25E-06;1,46E-09;2,96E-11;2,24E-14;805
1,18E-06;1,38E-09;2,83E-11;2,16E-14;806
1,11E-06;1,32E-09;2,70E-11;2,08E-14;807
1,05E-06;1,25E-09;2,58E-11;2,00E-14;808
9,85E-07;1,19E-09;2,46E-11;1,93E-14;809
9,29E-07;1,13E-09;2,35E-11;1,86E-14;810
8,77E-07;1,08E-09;2,25E-11;1,80E-14;811
8,27E-07;1,02E-09;2,15E-11;1,73E-14;812
7,80E-07;9,74E-10;2,06E-11;1,67E-14;813
7,36E-07;9,26E-10;1,96E-11;1,61E-14;814
6,95E-07;8,81E-10;1,88E-11;1,55E-14;815
6,56E-07;8,39E-10;1,80E-11;1,50E-14;816
6,19E-07;7,98E-10;1,72E-11;1,44E-14;817
5,85E-07;7,60E-10;1,64E-11;1,39E-14;818
5,52E-07;7,23E-10;1,57E-11;1,34E-14;819
5,21E-07;6,89E-10;1,50E-11;1,30E-14;820
4,93E-07;6,56E-10;1,44E-11;1,25E-14;821
4,65E-07;6,25E-10;1,38E-11;1,21E-14;822
4,40E-07;5,95E-10;1,32E-11;1,17E-14;823
4,15E-07;5,67E-10;1,26E-11;1,12E-14;824
3,93E-07;5,40E-10;1,21E-11;1,09E-14;825
3,71E-07;5,14E-10;1,15E-11;1,05E-14;826
3,51E-07;4,90E-10;1,10E-11;1,01E-14;827
3,32E-07;4,67E-10;1,06E-11;9,77E-15;828
3,14E-07;4,45E-10;1,01E-11;9,43E-15;829
2,97E-07;4,24E-10;9,69E-12;9,11E-15;830
2,81E-07;4,05E-10;9,28E-12;8,80E-15;831
2,65E-07;3,86E-10;8,89E-12;8,50E-15;832
2,51E-07;3,68E-10;8,52E-12;8,21E-15;833
2,38E-07;3,51E-10;8,16E-12;7,93E-15;834
2,25E-07;3,34E-10;7,82E-12;7,66E-15;835
2,13E-07;3,19E-10;7,49E-12;7,40E-15;836
2,01E-07;3,04E-10;7,18E-12;7,15E-15;837
1,91E-07;2,90E-10;6,88E-12;6,91E-15;838
1,81E-07;2,77E-10;6,59E-12;6,68E-15;839
1,71E-07;2,64E-10;6,32E-12;6,45E-15;840
1,62E-07;2,52E-10;6,06E-12;6,24E-15;841
1,53E-07;2,41E-10;5,81E-12;6,03E-15;842
1,45E-07;2,30E-10;5,57E-12;5,83E-15;843
1,38E-07;2,20E-10;5,34E-12;5,63E-15;844
1,30E-07;2,10E-10;5,12E-12;5,45E-15;845
1,24E-07;2,00E-10;4,91E-12;5,27E-15;846
1,17E-07;1,91E-10;4,71E-12;5,09E-15;847
1,11E-07;1,83E-10;4,52E-12;4,93E-15;848
1,05E-07;1,74E-10;4,34E-12;4,76E-15;849
9,99E-08;1,67E-10;4,16E-12;4,61E-15;850
9,47E-08;1,59E-10;3,99E-12;4,46E-15;851
8,98E-08;1,52E-10;3,83E-12;4,31E-15;852
8,52E-08;1,45E-10;3,68E-12;4,17E-15;853
8,08E-08;1,39E-10;3,53E-12;4,04E-15;854
7,67E-08;1,33E-10;3,39E-12;3,90E-15;855
7,28E-08;1,27E-10;3,25E-12;3,78E-15;856
6,91E-08;1,21E-10;3,12E-12;3,66E-15;857
6,55E-08;1,16E-10;3,00E-12;3,54E-15;858
6,22E-08;1,11E-10;2,88E-12;3,43E-15;859
5,91E-08;1,06E-10;2,77E-12;3,32E-15;860
5,61E-08;1,02E-10;2,66E-12;3,21E-15;861
5,32E-08;9,71E-11;2,55E-12;3,11E-15;862
5,06E-08;9,29E-11;2,45E-12;3,01E-15;863
4,80E-08;8,89E-11;2,36E-12;2,91E-15;864
4,56E-08;8,51E-11;2,26E-12;2,82E-15;865
4,33E-08;8,14E-11;2,18E-12;2,73E-15;866
4,12E-08;7,79E-11;2,09E-12;2,65E-15;867
3,91E-08;7,46E-11;2,01E-12;2,56E-15;868
3,72E-08;7,14E-11;1,93E-12;2,48E-15;869
3,54E-08;6,83E-11;1,86E-12;2,40E-15;870
3,36E-08;6,54E-11;1,79E-12;2,33E-15;871
3,19E-08;6,26E-11;1,72E-12;2,26E-15;872
3,04E-08;6,00E-11;1,65E-12;2,19E-15;873
2,89E-08;5,74E-11;1,59E-12;2,12E-15;874
2,75E-08;5,50E-11;1,53E-12;2,05E-15;875
2,61E-08;5,27E-11;1,47E-12;1,99E-15;876
2,49E-08;5,05E-11;1,41E-12;1,93E-15;877
2,36E-08;4,84E-11;1,36E-12;1,87E-15;878
2,25E-08;4,64E-11;1,31E-12;1,81E-15;879
2,14E-08;4,44E-11;1,26E-12;1,76E-15;880
2,04E-08;4,26E-11;1,21E-12;1,70E-15;881
1,94E-08;4,08E-11;1,16E-12;1,65E-15;882
1,85E-08;3,91E-11;1,12E-12;1,60E-15;883
1,76E-08;3,75E-11;1,08E-12;1,55E-15;884
1,67E-08;3,59E-11;1,04E-12;1,51E-15;885
1,59E-08;3,45E-11;1,00E-12;1,46E-15;886
1,52E-08;3,30E-11;9,63E-13;1,42E-15;887
1,44E-08;3,17E-11;9,27E-13;1,37E-15;888
1,38E-08;3,04E-11;8,92E-13;1,33E-15;889
1,31E-08;2,92E-11;8,59E-13;1,29E-15;890
1,25E-08;2,80E-11;8,28E-13;1,25E-15;891
1,19E-08;2,68E-11;7,97E-13;1,22E-15;892
1,13E-08;2,57E-11;7,68E-13;1,18E-15;893
1,08E-08;2,47E-11;7,40E-13;1,14E-15;894
1,03E-08;2,37E-11;7,13E-13;1,11E-15;895
9,82E-09;2,28E-11;6,87E-13;1,08E-15;896
9,36E-09;2,18E-11;6,62E-13;1,05E-15;897
8,93E-09;2,10E-11;6,38E-13;1,02E-15;898
8,51E-09;2,01E-11;6,14E-13;9,86E-16;899
8,12E-09;1,93E-11;5,92E-13;9,57E-16;900
7,74E-09;1,85E-11;5,71E-13;9,29E-16;901
7,38E-09;1,78E-11;5,50E-13;9,02E-16;902
7,04E-09;1,71E-11;5,30E-13;8,76E-16;903
6,72E-09;1,64E-11;5,11E-13;8,50E-16;904
6,41E-09;1,58E-11;4,93E-13;8,26E-16;905
6,12E-09;1,52E-11;4,75E-13;8,02E-16;906
5,84E-09;1,46E-11;4,59E-13;7,79E-16;907
5,57E-09;1,40E-11;4,42E-13;7,56E-16;908
5,32E-09;1,34E-11;4,27E-13;7,34E-16;909
5,08E-09;1,29E-11;4,11E-13;7,13E-16;910
4,85E-09;1,24E-11;3,97E-13;6,93E-16;911
4,63E-09;1,19E-11;3,83E-13;6,73E-16;912
4,42E-09;1,15E-11;3,69E-13;6,54E-16;913
4,22E-09;1,10E-11;3,56E-13;6,36E-16;914
4,03E-09;1,06E-11;3,44E-13;6,18E-16;915
3,85E-09;1,02E-11;3,32E-13;6,00E-16;916
3,68E-09;9,80E-12;3,20E-13;5,83E-16;917
3,52E-09;9,42E-12;3,09E-13;5,67E-16;918
3,36E-09;9,06E-12;2,98E-13;5,51E-16;919
3,21E-09;8,71E-12;2,88E-13;5,35E-16;920
3,07E-09;8,38E-12;2,78E-13;5,20E-16;921
2,93E-09;8,06E-12;2,69E-13;5,06E-16;922
2,80E-09;7,75E-12;2,59E-13;4,92E-16;923
2,68E-09;7,46E-12;2,50E-13;4,78E-16;924
2,56E-09;7,18E-12;2,42E-13;4,65E-16;925
2,45E-09;6,91E-12;2,33E-13;4,52E-16;926
2,34E-09;6,65E-12;2,26E-13;4,39E-16;927
2,24E-09;6,40E-12;2,18E-13;4,27E-16;928
2,14E-09;6,16E-12;2,10E-13;4,16E-16;929
2,05E-09;5,93E-12;2,03E-13;4,04E-16;930
1,96E-09;5,71E-12;1,96E-13;3,93E-16;931
1,88E-09;5,49E-12;1,90E-13;3,82E-16;932
1,79E-09;5,29E-12;1,83E-13;3,72E-16;933
1,72E-09;5,09E-12;1,77E-13;3,62E-16;934
1,64E-09;4,90E-12;1,71E-13;3,52E-16;935
1,57E-09;4,72E-12;1,66E-13;3,42E-16;936
1,51E-09;4,55E-12;1,60E-13;3,33E-16;937
1,44E-09;4,38E-12;1,55E-13;3,24E-16;938
1,38E-09;4,22E-12;1,49E-13;3,15E-16;939
1,32E-09;4,06E-12;1,45E-13;3,07E-16;940
1,26E-09;3,92E-12;1,40E-13;2,99E-16;941
1,21E-09;3,77E-12;1,35E-13;2,91E-16;942
1,16E-09;3,64E-12;1,31E-13;2,83E-16;943
1,11E-09;3,50E-12;1,26E-13;2,75E-16;944
1,06E-09;3,38E-12;1,22E-13;2,68E-16;945
1,02E-09;3,25E-12;1,18E-13;2,61E-16;946
9,76E-10;3,14E-12;1,14E-13;2,54E-16;947
9,36E-10;3,02E-12;1,11E-13;2,47E-16;948
8,96E-10;2,91E-12;1,07E-13;2,41E-16;949
8,59E-10;2,81E-12;1,03E-13;2,35E-16;950
8,23E-10;2,71E-12;1,00E-13;2,28E-16;951
7,89E-10;2,61E-12;9,69E-14;2,22E-16;952
7,56E-10;2,52E-12;9,37E-14;2,17E-16;953
7,25E-10;2,43E-12;9,07E-14;2,11E-16;954
6,95E-10;2,34E-12;8,78E-14;2,05E-16;955
6,67E-10;2,26E-12;8,50E-14;2,00E-16;956
6,39E-10;2,18E-12;8,22E-14;1,95E-16;957
6,13E-10;2,10E-12;7,96E-14;1,90E-16;958
5,88E-10;2,03E-12;7,71E-14;1,85E-16;959
5,64E-10;1,96E-12;7,46E-14;1,80E-16;960
5,41E-10;1,89E-12;7,22E-14;1,76E-16;961
5,19E-10;1,82E-12;6,99E-14;1,71E-16;962
4,98E-10;1,76E-12;6,77E-14;1,67E-16;963
4,78E-10;1,70E-12;6,56E-14;1,62E-16;964
4,58E-10;1,64E-12;6,35E-14;1,58E-16;965
4,40E-10;1,58E-12;6,15E-14;1,54E-16;966
4,22E-10;1,53E-12;5,96E-14;1,50E-16;967
4,05E-10;1,47E-12;5,77E-14;1,46E-16;968
3,89E-10;1,42E-12;5,59E-14;1,43E-16;969
3,73E-10;1,37E-12;5,42E-14;1,39E-16;970
3,58E-10;1,33E-12;5,25E-14;1,36E-16;971
3,44E-10;1,28E-12;5,08E-14;1,32E-16;972
3,30E-10;1,24E-12;4,93E-14;1,29E-16;973
3,17E-10;1,19E-12;4,77E-14;1,26E-16;974
3,05E-10;1,15E-12;4,63E-14;1,23E-16;975
2,93E-10;1,11E-12;4,48E-14;1,19E-16;976
2,81E-10;1,08E-12;4,34E-14;1,17E-16;977
2,70E-10;1,04E-12;4,21E-14;1,14E-16;978
2,59E-10;1,01E-12;4,08E-14;1,11E-16;979
2,49E-10;9,71E-13;3,96E-14;1,08E-16;980
2,39E-10;9,38E-13;3,84E-14;1,05E-16;981
2,30E-10;9,07E-13;3,72E-14;1,03E-16;982
2,21E-10;8,76E-13;3,61E-14;1,00E-16;983
2,13E-10;8,47E-13;3,50E-14;9,78E-17;984
2,04E-10;8,19E-13;3,39E-14;9,54E-17;985
1,96E-10;7,91E-13;3,29E-14;9,31E-17;986
1,89E-10;7,65E-13;3,19E-14;9,08E-17;987
1,81E-10;7,40E-13;3,09E-14;8,86E-17;988
1,74E-10;7,15E-13;3,00E-14;8,64E-17;989
1,68E-10;6,91E-13;2,91E-14;8,43E-17;990
1,61E-10;6,69E-13;2,82E-14;8,23E-17;991
1,55E-10;6,47E-13;2,74E-14;8,03E-17;992
1,49E-10;6,25E-13;2,66E-14;7,84E-17;993
1,44E-10;6,05E-13;2,58E-14;7,65E-17;994
1,38E-10;5,85E-13;2,50E-14;7,46E-17;995
1,33E-10;5,66E-13;2,43E-14;7,29E-17;996
1,28E-10;5,47E-13;2,35E-14;7,11E-17;997
1,23E-10;5,29E-13;2,29E-14;6,94E-17;998
1,18E-10;5,12E-13;2,22E-14;6,78E-17;999
;;;;1000
